race_id,state,office,district,party,candidate,election_date,n_polls,n_surveys,poll_avg,poll_lead,fund_share,rank_score,win_prob,win_prob_norm,field_confidence,low_confidence_field,poll_age_days,stale_polling
2026_AL_Governor_REP,AL,Governor,,REP,Tommy Tuberville,2026-06-16,2,2,64.0,58.5,,1.1987499,0.999696427793023,0.999696427793023,0.6663630944596897,0,161,1
2026_AL_Governor_REP,AL,Governor,,REP,Will Santivasci,2026-06-16,1,2,3.0,-61.0,,-2.2971468,0.00016004662788495622,0.00016004662788495622,0.6663630944596897,0,161,1
2026_AL_Governor_REP,AL,Governor,,REP,Ken McFeeters,2026-06-16,2,2,5.5,-58.5,,-2.3407276,0.00014352557909209384,0.00014352557909209384,0.6663630944596897,0,161,1
2026_AL_House-1_REP,AL,House,1,REP,Jerry Carl,2026-06-16,8,8,27.0,12.5,0.8533248272917342,0.3056452,0.9270835118809446,0.9270835118809446,0.7842263690238018,0,169,1
2026_AL_House-1_REP,AL,House,1,REP,Rhett Marques,2026-06-16,8,8,14.5,-12.5,,-0.763386,0.06403729371555344,0.06403729371555344,0.7842263690238018,0,169,1
2026_AL_House-1_REP,AL,House,1,REP,Joshua McKee,2026-06-16,6,8,5.666666666666667,-21.333333333333332,,-2.1285756,0.0021095860579704953,0.0021095860579704953,0.7842263690238018,0,169,1
2026_AL_House-1_REP,AL,House,1,REP,Jimmy Dees,2026-06-16,2,8,1.5,-25.5,,-2.2167127,0.0016924020863828067,0.0016924020863828067,0.7842263690238018,0,169,1
2026_AL_House-1_REP,AL,House,1,REP,John Mills,2026-06-16,2,8,0.5,-26.5,,-2.2167127,0.0016924020863828067,0.0016924020863828067,0.7842263690238018,0,169,1
2026_AL_House-1_REP,AL,House,1,REP,James Richardson,2026-06-16,2,8,0.5,-26.5,,-2.2167127,0.0016924020863828067,0.0016924020863828067,0.7842263690238018,0,169,1
2026_AL_House-1_REP,AL,House,1,REP,Austin Sidwell,2026-06-16,2,8,2.5,-24.5,0.14667517270826577,-2.2167127,0.0016924020863828067,0.0016924020863828067,0.7842263690238018,0,169,1
2026_AL_House-2_REP,AL,House,2,REP,Rhett Marques,2026-06-16,1,1,30.0,20.0,0.617583134897311,2.224074,0.9999188771868934,0.9999188771868934,0.8332522105202268,0,121,1
2026_AL_House-2_REP,AL,House,2,REP,Hampton Harris,2026-06-16,1,1,4.0,-26.0,0.11320860856170603,-2.1874874,1.6224562621330197e-05,1.6224562621330197e-05,0.8332522105202268,0,121,1
2026_AL_House-2_REP,AL,House,2,REP,Christian Horn,2026-06-16,1,1,1.0,-29.0,,-2.1874874,1.6224562621330197e-05,1.6224562621330197e-05,0.8332522105202268,0,121,1
2026_AL_House-2_REP,AL,House,2,REP,David Matthews,2026-06-16,1,1,4.0,-26.0,0.018397358107844715,-2.1874874,1.6224562621330197e-05,1.6224562621330197e-05,0.8332522105202268,0,121,1
2026_AL_House-2_REP,AL,House,2,REP,Joshua McKee,2026-06-16,1,1,10.0,-20.0,0.24735440303847503,-2.1874874,1.6224562621330197e-05,1.6224562621330197e-05,0.8332522105202268,0,121,1
2026_AL_House-2_REP,AL,House,2,REP,James Richardson,2026-06-16,1,1,2.0,-28.0,0.003456495394663142,-2.1874874,1.6224562621330197e-05,1.6224562621330197e-05,0.8332522105202268,0,121,1
2026_AL_Senate_REP,AL,Senate,,REP,Jared Hudson,2026-06-16,15,16,15.639999999999999,-10.778750000000004,0.3755150156945703,1.3162177,0.4543919635589248,0.4543919635589248,0.3293919635589248,0,144,1
2026_AL_Senate_REP,AL,Senate,,REP,Barry Moore,2026-06-16,16,16,21.2125,-5.206250000000004,,1.1969595,0.337246719562982,0.337246719562982,0.3293919635589248,0,144,1
2026_AL_Senate_REP,AL,Senate,,REP,Steve Marshall,2026-06-16,16,16,26.418750000000003,5.206250000000004,0.2253829897672892,1.0034629,0.2079033494887719,0.2079033494887719,0.3293919635589248,0,144,1
2026_AL_Senate_REP,AL,Senate,,REP,Dale Deas Jr.,2026-06-16,3,16,0.6666666666666666,-25.752083333333335,,-1.8620106,0.00016095821750260666,0.00016095821750260666,0.3293919635589248,0,144,1
2026_AL_Senate_REP,AL,Senate,,REP,Seth Burton,2026-06-16,4,16,1.375,-25.043750000000003,,-2.1285756,8.265971816976169e-05,8.265971816976169e-05,0.3293919635589248,0,144,1
2026_AL_Senate_REP,AL,Senate,,REP,Morgan Murphy,2026-06-16,7,16,1.042857142857143,-25.37589285714286,,-2.1700215,7.452372068976995e-05,7.452372068976995e-05,0.3293919635589248,0,144,1
2026_AL_Senate_REP,AL,Senate,,REP,Rodney Walker,2026-06-16,10,16,2.01,-24.408750000000005,0.3991019945381406,-2.1700215,7.452372068976995e-05,7.452372068976995e-05,0.3293919635589248,0,144,1
2026_AL_Senate_REP,AL,Senate,,REP,Dale Shelton,2026-06-16,1,16,1.6,-24.81875,,-2.2228594,6.530201226925527e-05,6.530201226925527e-05,0.3293919635589248,0,144,1
2026_AZ_Governor_REP,AZ,Governor,,REP,Andy Biggs,2026-08-04,25,25,48.28799999999999,36.995142857142845,,2.1364822,0.999923696430336,0.999923696430336,0.749923696430336,0,91,1
2026_AZ_Governor_REP,AZ,Governor,,REP,David Schweikert,2026-08-04,14,25,11.292857142857144,-36.995142857142845,,-1.8660566,4.510924664511775e-05,4.510924664511775e-05,0.749923696430336,0,91,1
2026_AZ_Governor_REP,AZ,Governor,,REP,Ken Miceli,2026-08-04,5,25,1.3800000000000001,-46.90799999999999,,-2.290856,1.5597161509484138e-05,1.5597161509484138e-05,0.749923696430336,0,91,1
2026_AZ_Governor_REP,AZ,Governor,,REP,Scott Neely,2026-08-04,5,25,2.3600000000000003,-45.92799999999999,,-2.290856,1.5597161509484138e-05,1.5597161509484138e-05,0.749923696430336,0,91,1
2026_AZ_House-1_DEM,AZ,House,1,DEM,Amish Shah,2026-07-21,1,1,32.5,21.5,0.20817662003355303,0.4286512,0.9986300721441852,0.9986300721441852,0.7986300721441852,0,227,1
2026_AZ_House-1_DEM,AZ,House,1,DEM,Marlene Galan-Woods,2026-07-21,1,1,11.0,-21.5,0.21828947010141408,-2.7081344,0.00039235836746198975,0.00039235836746198975,0.7986300721441852,0,227,1
2026_AZ_House-1_DEM,AZ,House,1,DEM,Mark Gordon,2026-07-21,1,1,1.8,-30.7,0.049454459391967166,-2.7824218,0.0003258564961176456,0.0003258564961176456,0.7986300721441852,0,227,1
2026_AZ_House-1_DEM,AZ,House,1,DEM,Rick McCartney,2026-07-21,1,1,1.5,-31.0,0.1209328858573624,-2.7824218,0.0003258564961176456,0.0003258564961176456,0.7986300721441852,0,227,1
2026_AZ_House-1_DEM,AZ,House,1,DEM,Jonathan Treble,2026-07-21,1,1,1.5,-31.0,0.4031465646157033,-2.7824218,0.0003258564961176456,0.0003258564961176456,0.7986300721441852,0,227,1
2026_AZ_House-1_REP,AZ,House,1,REP,Joseph Chaplik,2026-07-21,3,3,25.366666666666664,9.033333333333331,0.14096357405668264,0.1158787,0.5896085577690271,0.5896085577690271,0.2562752244356938,0,113,1
2026_AZ_House-1_REP,AZ,House,1,REP,Jay Feely,2026-07-21,3,3,16.333333333333332,-9.033333333333331,0.5972317785408354,-0.03058372,0.40883138140915815,0.40883138140915815,0.2562752244356938,0,113,1
2026_AZ_House-1_REP,AZ,House,1,REP,John Trobough,2026-07-21,3,3,5.566666666666666,-19.799999999999997,0.2618046474024819,-2.258015,0.0015600608218147712,0.0015600608218147712,0.2562752244356938,0,113,1
2026_AZ_House-4_DEM,AZ,House,4,DEM,Greg Stanton,2026-07-21,2,2,51.0,20.5,1.0,1.817152,0.9260247973350868,0.9260247973350868,0.4260247973350868,0,92,1
2026_AZ_House-4_DEM,AZ,House,4,DEM,Kai Newkirk,2026-07-21,2,2,30.5,-20.5,,0.8062836,0.07397520266491324,0.07397520266491324,0.4260247973350868,0,92,1
2026_AZ_House-5_REP,AZ,House,5,REP,Mark Lamb,2026-07-21,8,8,50.525,28.053571428571427,0.2170242971978346,1.7622163,0.871287145811206,0.871287145811206,0.37128714581120603,0,93,1
2026_AZ_House-5_REP,AZ,House,5,REP,Daniel Keenan,2026-07-21,7,8,22.47142857142857,-28.053571428571427,0.7829757028021654,0.9972613,0.12871285418879402,0.12871285418879402,0.37128714581120603,0,93,1
2026_CO_Governor_DEM,CO,Governor,,DEM,Phil Weiser,2026-06-30,8,8,25.3625,-14.804166666666664,,2.1767645,0.7960187232359961,0.7960187232359961,0.2960187232359961,0,105,1
2026_CO_Governor_DEM,CO,Governor,,DEM,Michael Bennet,2026-06-30,6,8,40.166666666666664,14.804166666666664,,1.6321267,0.2039812767640038,0.2039812767640038,0.2960187232359961,0,105,1
2026_CO_Governor_REP,CO,Governor,,REP,Victor Marx,2026-06-30,2,2,50.6,36.55,,1.4408655,0.9995718844815079,0.9995718844815079,0.6662385511481745,0,153,1
2026_CO_Governor_REP,CO,Governor,,REP,Barbara Kirkmeyer,2026-06-30,2,2,14.05,-36.55,,-1.7422545,0.00034977228206661105,0.00034977228206661105,0.6662385511481745,0,153,1
2026_CO_Governor_REP,CO,Governor,,REP,Scott Bottoms,2026-06-30,2,2,6.65,-43.95,,-2.3407276,7.834323642559838e-05,7.834323642559838e-05,0.6662385511481745,0,153,1
2026_CO_House-1_DEM,CO,House,1,DEM,Melat Kiros,2026-06-30,1,1,41.0,5.0,0.3539766232103068,1.3135281,0.8088753824562414,0.8088753824562414,0.47554204912290804,0,115,1
2026_CO_House-1_DEM,CO,House,1,DEM,Diana DeGette,2026-06-30,1,1,36.0,-5.0,0.548715484864507,0.7362181,0.19101843677078334,0.19101843677078334,0.47554204912290804,0,115,1
2026_CO_House-1_DEM,CO,House,1,DEM,Wanda James,2026-06-30,1,1,6.0,-35.0,0.09730789192518614,-2.2617748,0.00010618077297525782,0.00010618077297525782,0.47554204912290804,0,115,1
2026_CO_House-3_REP,CO,House,3,REP,Jeff Hurd,2026-06-30,2,2,36.0,9.0,0.9330257176914287,-0.17661384,0.887987539600117,0.887987539600117,0.387987539600117,0,300,1
2026_CO_House-3_REP,CO,House,3,REP,Hope Scheppelman,2026-06-30,2,2,27.0,-9.0,0.06697428230857133,-1.0047529,0.11201246039988301,0.11201246039988301,0.387987539600117,0,300,1
2026_CO_House-8_DEM,CO,House,8,DEM,Manny Rutinel,2026-06-30,5,5,28.0,5.600000000000001,0.5936906683644617,2.1718545,0.928059203854599,0.928059203854599,0.5947258705212657,0,116,1
2026_CO_House-8_DEM,CO,House,8,DEM,Shannon Bird,2026-06-30,5,5,22.4,-5.600000000000001,0.3210076960122228,1.1488568,0.0719233656123924,0.0719233656123924,0.5947258705212657,0,116,1
2026_CO_House-8_DEM,CO,House,8,DEM,Evan Munsing,2026-06-30,4,5,5.0,-23.0,0.08530163562331552,-2.1811965,1.7430533008577132e-05,1.7430533008577132e-05,0.5947258705212657,0,116,1
2026_CO_Senate_DEM,CO,Senate,,DEM,John Hickenlooper,2026-06-30,2,2,43.0,19.5,0.9187480578488675,1.1987499,0.9621777310920164,0.9621777310920164,0.46217773109201643,0,133,1
2026_CO_Senate_DEM,CO,Senate,,DEM,Julie Gonzales,2026-06-30,2,2,23.5,-19.5,0.08125194215113249,-0.09577055,0.03782226890798346,0.03782226890798346,0.46217773109201643,0,133,1
2026_CT_Governor_DEM,CT,Governor,,DEM,Ned Lamont,2026-08-11,8,8,54.7125,35.7,,1.5988512,0.9952350482323082,0.9952350482323082,0.49523504823230824,0,74,0
2026_CT_Governor_DEM,CT,Governor,,DEM,Josh Elliott,2026-08-11,8,8,19.0125,-35.7,,-0.5378254,0.004764951767691914,0.004764951767691914,0.49523504823230824,0,74,0
2026_CT_Governor_REP,CT,Governor,,REP,Ryan Fazio,2026-08-11,1,1,13.0,0.0,,-2.298174,1.0,1.0,0.0,1,420,1
2026_CT_House-1_DEM,CT,House,1,DEM,John Larson,2026-08-11,2,2,39.5,7.5,0.4395017482469308,0.42133012,0.5780602865422273,0.5780602865422273,0.3280602865422273,0,140,1
2026_CT_House-1_DEM,CT,House,1,DEM,Luke Bronin,2026-08-11,2,2,32.0,-7.5,0.5142571647808996,0.29462633,0.4211203535663173,0.4211203535663173,0.3280602865422273,0,140,1
2026_CT_House-1_DEM,CT,House,1,DEM,Jillian Gilchrest,2026-08-11,2,2,9.5,-30.0,0.027893560661269978,-2.4472618,0.0004440572999670475,0.0004440572999670475,0.3280602865422273,0,140,1
2026_CT_House-1_DEM,CT,House,1,DEM,Ruth Fortune,2026-08-11,1,2,4.0,-35.5,0.018347526310899715,-2.5145502,0.0003753025914883417,0.0003753025914883417,0.3280602865422273,0,140,1
2026_FL_Governor_DEM,FL,Governor,,DEM,David Jolly,2026-08-18,10,10,27.0,20.575,,2.2244756,0.9999459079760284,0.9999459079760284,0.7999459079760285,0,74,0
2026_FL_Governor_DEM,FL,Governor,,DEM,Dayna Marie Foster,2026-08-18,4,10,6.425,-20.575,,-2.2165685,1.5072113284553054e-05,1.5072113284553054e-05,0.7999459079760285,0,74,0
2026_FL_Governor_DEM,FL,Governor,,DEM,Stephann Norman,2026-08-18,1,10,0.0,-27.0,,-2.2228594,1.48369242052652e-05,1.48369242052652e-05,0.7999459079760285,0,74,0
2026_FL_Governor_DEM,FL,Governor,,DEM,Evelyn Castillo-Bach,2026-08-18,2,10,2.8,-24.2,,-2.304706,1.2091493240876521e-05,1.2091493240876521e-05,0.7999459079760285,0,74,0
2026_FL_Governor_DEM,FL,Governor,,DEM,Thomas Fernandez,2026-08-18,2,10,2.8,-24.2,,-2.304706,1.2091493240876521e-05,1.2091493240876521e-05,0.7999459079760285,0,74,0
2026_FL_Governor_REP,FL,Governor,,REP,Byron Donalds,2026-08-18,42,42,37.86904761904761,28.98238095238095,,2.0336769,0.9989776816263082,0.9989776816263082,0.7989776816263081,0,71,0
2026_FL_Governor_REP,FL,Governor,,REP,Jay Collins,2026-08-18,30,42,8.886666666666665,-28.98238095238095,,-0.7785591,0.0008835057837172682,0.0008835057837172682,0.7989776816263081,0,71,0
2026_FL_Governor_REP,FL,Governor,,REP,James Fishback,2026-08-18,28,42,7.978571428571429,-29.890476190476186,,-1.7377931,8.030347056263185e-05,8.030347056263185e-05,0.7989776816263081,0,71,0
2026_FL_Governor_REP,FL,Governor,,REP,Paul Renner,2026-08-18,30,42,4.896666666666666,-32.972380952380945,,-2.0333111,3.8360095452034445e-05,3.8360095452034445e-05,0.7989776816263081,0,71,0
2026_FL_Governor_REP,FL,Governor,,REP,Bobby Williams,2026-08-18,4,42,1.675,-36.194047619047616,,-2.290856,2.0149023959702047e-05,2.0149023959702047e-05,0.7989776816263081,0,71,0
2026_FL_House-11_DEM,FL,House,11,DEM,James Pericola,2026-08-18,2,2,32.95,25.900000000000002,0.9744300821892905,1.0889763,0.999535938851271,0.999535938851271,0.6662026055179378,0,70,0
2026_FL_House-11_DEM,FL,House,11,DEM,Royal Webster,2026-08-18,2,2,7.05,-25.900000000000002,0.02556991781070944,-2.2167127,0.00025744959310314676,0.00025744959310314676,0.6662026055179378,0,70,0
2026_FL_House-11_DEM,FL,House,11,DEM,Dan Williams,2026-08-18,2,2,4.8,-28.150000000000002,,-2.304706,0.00020661155562592563,0.00020661155562592563,0.6662026055179378,0,70,0
2026_FL_House-14_REP,FL,House,14,REP,Mike Beltran,2026-08-18,4,4,32.725,3.625,0.3886757171371803,1.600532,0.7565819187638766,0.7565819187638766,0.6315819187638766,0,61,0
2026_FL_House-14_REP,FL,House,14,REP,Kevin Steele,2026-08-18,4,4,29.1,-3.625,0.4757659114149637,1.1457031,0.24267870575821293,0.24267870575821293,0.6315819187638766,0,61,0
2026_FL_House-14_REP,FL,House,14,REP,Bea Valenti,2026-08-18,4,4,8.35,-24.375,0.04434097299296889,-1.7045227,0.00019518135135626394,0.00019518135135626394,0.6315819187638766,0,61,0
2026_FL_House-14_REP,FL,House,14,REP,Rocky Rochford,2026-08-18,4,4,3.975,-28.75,0.049155077416494136,-1.8266385,0.00014383111592611452,0.00014383111592611452,0.6315819187638766,0,61,0
2026_FL_House-14_REP,FL,House,14,REP,Gavriel Soriano,2026-08-18,3,4,0.9333333333333332,-31.791666666666668,,-1.8266385,0.00014383111592611452,0.00014383111592611452,0.6315819187638766,0,61,0
2026_FL_House-14_REP,FL,House,14,REP,Ergin Tek,2026-08-18,3,4,1.7,-31.025000000000002,0.007669173243669602,-1.8266385,0.00014383111592611452,0.00014383111592611452,0.6315819187638766,0,61,0
2026_FL_House-14_REP,FL,House,14,REP,Michael Marcel,2026-08-18,2,4,1.15,-31.575000000000003,0.003565178003999257,-2.1813407,5.925701795871835e-05,5.925701795871835e-05,0.6315819187638766,0,61,0
2026_FL_House-14_REP,FL,House,14,REP,John Peters,2026-08-18,3,4,1.9333333333333333,-30.791666666666668,0.03082796979072415,-2.2226424,5.344376081713447e-05,5.344376081713447e-05,0.6315819187638766,0,61,0
2026_FL_House-16_REP,FL,House,16,REP,Sydney Gruters,2026-08-18,1,1,49.0,36.0,0.9635371922117884,1.0020512,0.9995230844265884,0.9995230844265884,0.6661897510932551,0,149,1
2026_FL_House-16_REP,FL,House,16,REP,Eddie Speir,2026-08-18,1,1,13.0,-36.0,,-2.2104704,0.0003249688553379396,0.0003249688553379396,0.6661897510932551,0,149,1
2026_FL_House-16_REP,FL,House,16,REP,Ed Pope,2026-08-18,1,1,7.0,-42.0,0.03646280778821157,-2.5145502,0.00015194671807360516,0.00015194671807360516,0.6661897510932551,0,149,1
2026_FL_House-19_DEM,FL,House,19,DEM,Jim Pederson,2026-08-18,1,1,0.4,0.0,,-2.6633956,1.0,1.0,0.0,1,367,1
2026_FL_House-19_REP,FL,House,19,REP,Jim Schwartzel,2026-08-18,5,5,12.379999999999999,2.26,0.19242298276750397,-0.60348904,0.6686663849051648,0.6686663849051648,0.525809242048022,0,63,0
2026_FL_House-19_REP,FL,House,19,REP,Catalina Lauf,2026-08-18,5,5,9.76,-2.619999999999999,0.14617220938349396,-1.0612545,0.21291044013539587,0.21291044013539587,0.525809242048022,0,63,0
2026_FL_House-19_REP,FL,House,19,REP,Ola Hawatmeh,2026-08-18,4,5,4.2749999999999995,-8.105,0.03835153702683043,-1.6410455,0.04996857130466404,0.04996857130466404,0.525809242048022,0,63,0
2026_FL_House-19_REP,FL,House,19,REP,Madison Cawthorn,2026-08-18,4,5,4.449999999999999,-7.93,0.08516986650139552,-2.0204134,0.019355456413900907,0.019355456413900907,0.525809242048022,0,63,0
2026_FL_House-19_REP,FL,House,19,REP,Chris Collins,2026-08-18,4,5,7.125,-5.254999999999999,,-2.0204134,0.019355456413900907,0.019355456413900907,0.525809242048022,0,63,0
2026_FL_House-19_REP,FL,House,19,REP,James D. Oberweis,2026-08-18,5,5,10.12,-2.26,0.5257365811076841,-2.0204134,0.019355456413900907,0.019355456413900907,0.525809242048022,0,63,0
2026_FL_House-19_REP,FL,House,19,REP,John Strand,2026-08-18,2,5,3.25,-9.129999999999999,0.012146823213092144,-2.2693336,0.010388234413072581,0.010388234413072581,0.525809242048022,0,63,0
2026_FL_House-20_DEM,FL,House,20,DEM,Debbie Wasserman Schultz,2026-08-18,3,7,43.0,2.3333333333333357,0.6813082659508781,0.49886426,0.8023219958009742,0.8023219958009742,0.6356553291343076,0,129,1
2026_FL_House-20_DEM,FL,House,20,DEM,Elijah Manley,2026-08-18,6,7,40.666666666666664,-2.3333333333333357,0.20620160549299568,-0.28152585,0.11403834304383818,0.11403834304383818,0.6356553291343076,0,129,1
2026_FL_House-20_DEM,FL,House,20,DEM,Dale Holness,2026-08-18,6,7,27.666666666666668,-15.333333333333332,0.08218135984082961,-0.702858,0.03977364202002255,0.03977364202002255,0.6356553291343076,0,129,1
2026_FL_House-20_DEM,FL,House,20,DEM,Sheila Cherfilus-McCormick,2026-08-18,5,7,30.4,-12.600000000000001,0.005641882948922068,-0.85215557,0.027384042261957744,0.027384042261957744,0.6356553291343076,0,129,1
2026_FL_House-20_DEM,FL,House,20,DEM,Luther Campbell,2026-08-18,4,7,16.75,-26.25,0.02391147868768714,-1.0657849,0.01605286008457959,0.01605286008457959,0.6356553291343076,0,129,1
2026_FL_House-20_DEM,FL,House,20,DEM,Maisha Williams,2026-08-18,1,7,1.0,-42.0,0.0007554070786875008,-2.5145502,0.0004291167886277843,0.0004291167886277843,0.6356553291343076,0,129,1
2026_FL_House-22_REP,FL,House,22,REP,Casey Askar,2026-08-18,1,1,13.1,-0.5,0.24356677032079838,-1.7837662,0.2223485985483568,0.2223485985483568,0.07949145569121396,1,63,0
2026_FL_House-22_REP,FL,House,22,REP,Belinda Keiser,2026-08-18,1,1,13.6,0.5,0.3129276063982958,-1.7837662,0.2223485985483568,0.2223485985483568,0.07949145569121396,1,63,0
2026_FL_House-22_REP,FL,House,22,REP,Michale Carbonara,2026-08-18,1,1,11.4,-2.1999999999999993,0.418553382843384,-1.8566868,0.1852941780807365,0.1852941780807365,0.07949145569121396,1,63,0
2026_FL_House-22_REP,FL,House,22,REP,David Burck,2026-08-18,1,1,8.7,-4.9,0.020004685440615712,-2.0878458,0.10396427021079462,0.10396427021079462,0.07949145569121396,1,63,0
2026_FL_House-22_REP,FL,House,22,REP,Terri Hasdorff,2026-08-18,1,1,5.6,-8.0,0.0031547198925424512,-2.0878458,0.10396427021079462,0.10396427021079462,0.07949145569121396,1,63,0
2026_FL_House-22_REP,FL,House,22,REP,Richard Evans,2026-08-18,1,1,2.9,-10.7,,-2.1874874,0.08104004220048024,0.08104004220048024,0.07949145569121396,1,63,0
2026_FL_House-22_REP,FL,House,22,REP,Michael Thompson,2026-08-18,1,1,3.1,-10.5,0.0017928351043637084,-2.1874874,0.08104004220048024,0.08104004220048024,0.07949145569121396,1,63,0
2026_FL_House-23_DEM,FL,House,23,DEM,Oliver Larkin,2026-08-18,1,1,11.0,0.0,,-2.6633956,1.0,1.0,0.0,1,217,1
2026_FL_House-24_DEM,FL,House,24,DEM,Shevrin Jones,2026-08-18,4,4,32.724999999999994,7.574999999999996,0.12773223680053333,2.9864218,0.9997891425125828,0.9997891425125828,0.6664558091792494,0,53,0
2026_FL_House-24_DEM,FL,House,24,DEM,Kendrick Meek Jr.,2026-08-18,4,4,14.15,-18.574999999999996,0.4198402084958385,-0.5515312,0.00014408697789423903,0.00014408697789423903,0.6664558091792494,0,53,0
2026_FL_House-24_DEM,FL,House,24,DEM,Oliver Gilbert III,2026-08-18,4,4,25.15,-7.574999999999996,0.4524275547036281,-0.85919344,6.677050952311375e-05,6.677050952311375e-05,0.6664558091792494,0,53,0
2026_FL_House-25_DEM,FL,House,25,DEM,Jared Moskowitz,2026-08-18,5,5,44.28,24.82,0.8312315612931532,2.259848,0.9711907157706993,0.9711907157706993,0.47119071577069926,0,64,0
2026_FL_House-25_DEM,FL,House,25,DEM,Oliver Larkin,2026-08-18,5,5,19.46,-24.82,0.16876843870684682,0.85271806,0.028809284229300715,0.028809284229300715,0.47119071577069926,0,64,0
2026_FL_House-25_REP,FL,House,25,REP,Dan Franzese,2026-08-18,6,6,14.666666666666666,-4.666666666666666,,0.15415734,0.5124503705245681,0.5124503705245681,0.3124503705245681,0,67,0
2026_FL_House-25_REP,FL,House,25,REP,Scott Singer,2026-08-18,6,6,19.333333333333332,4.666666666666666,0.5881310914311986,-0.033746123,0.32035995042939575,0.32035995042939575,0.3124503705245681,0,67,0
2026_FL_House-25_REP,FL,House,25,REP,George Moraitis,2026-08-18,6,6,13.666666666666666,-5.666666666666666,0.24744661602727394,-0.30803177,0.16137504015373946,0.16137504015373946,0.3124503705245681,0,67,0
2026_FL_House-25_REP,FL,House,25,REP,Raven Harrison,2026-08-18,6,6,0.8333333333333334,-18.5,,-1.9146316,0.0029073194461484227,0.0029073194461484227,0.3124503705245681,0,67,0
2026_FL_House-25_REP,FL,House,25,REP,Joseph Kaufman,2026-08-18,6,6,5.0,-14.333333333333332,0.16442229254152757,-1.9146316,0.0029073194461484227,0.0029073194461484227,0.3124503705245681,0,67,0
2026_FL_House-27_DEM,FL,House,27,DEM,Eliott Rodriguez,2026-08-18,2,2,48.5,26.5,0.3762881191674607,1.2963156,0.9886790374133757,0.9886790374133757,0.4886790374133757,0,112,1
2026_FL_House-27_DEM,FL,House,27,DEM,Robin Peguero,2026-08-18,2,2,22.0,-26.5,0.6237118808325394,-0.4915699,0.011320962586624147,0.011320962586624147,0.4886790374133757,0,112,1
2026_FL_House-2_REP,FL,House,2,REP,Austin Rogers,2026-08-18,8,9,19.05,-4.305555555555554,0.07351532228909816,1.3327773,0.9852488804281875,0.9852488804281875,0.8602488804281875,0,58,0
2026_FL_House-2_REP,FL,House,2,REP,Keith Gross,2026-08-18,9,9,23.355555555555554,4.305555555555554,0.8153299497049395,-0.393608,0.013156699752609441,0.013156699752609441,0.8602488804281875,0,58,0
2026_FL_House-2_REP,FL,House,2,REP,Evan Power,2026-08-18,9,9,11.61111111111111,-11.744444444444444,0.04749679206877726,-1.6527417,0.0005650149708457711,0.0005650149708457711,0.8602488804281875,0,58,0
2026_FL_House-2_REP,FL,House,2,REP,Luke Murphy,2026-08-18,8,9,5.9875,-17.368055555555554,0.017054056157455106,-1.8266385,0.00036580860299794207,0.00036580860299794207,0.8602488804281875,0,58,0
2026_FL_House-2_REP,FL,House,2,REP,Lee Jones,2026-08-18,7,9,0.6285714285714287,-22.726984126984124,0.000749922050002955,-2.1429307,0.00016589906133983095,0.00016589906133983095,0.8602488804281875,0,58,0
2026_FL_House-2_REP,FL,House,2,REP,Nicholas Lewis,2026-08-18,5,9,1.0,-22.355555555555554,0.007269729048197013,-2.1429307,0.00016589906133983095,0.00016589906133983095,0.8602488804281875,0,58,0
2026_FL_House-2_REP,FL,House,2,REP,Jim Norton,2026-08-18,8,9,8.6125,-14.743055555555554,0.030122092964764917,-2.1429307,0.00016589906133983095,0.00016589906133983095,0.8602488804281875,0,58,0
2026_FL_House-2_REP,FL,House,2,REP,Audie Rowell,2026-08-18,7,9,2.2857142857142856,-21.06984126984127,0.008462135716764976,-2.1429307,0.00016589906133983095,0.00016589906133983095,0.8602488804281875,0,58,0
2026_FL_House-4_DEM,FL,House,4,DEM,"Lashonda ""L.J."" Holloway",2026-08-18,2,2,33.0,21.0,0.027139930574634038,1.2510363,0.9995415831336399,0.9995415831336399,0.6662082498003066,0,85,0
2026_FL_House-4_DEM,FL,House,4,DEM,Michael Kirwan,2026-08-18,2,2,12.0,-21.0,0.9345916977650589,-2.073547,0.0002455729628254321,0.0002455729628254321,0.6662082498003066,0,85,0
2026_FL_House-4_DEM,FL,House,4,DEM,Brit Robinson,2026-08-18,2,2,7.5,-25.5,0.03826837166030716,-2.130761,0.00021284390353467053,0.00021284390353467053,0.6662082498003066,0,85,0
2026_FL_House-7_REP,FL,House,7,REP,Ryan Elijah,2026-08-18,3,3,26.633333333333336,-1.6333333333333293,0.2252519232434667,1.9803137,0.9898731243907447,0.9898731243907447,0.7398731243907447,0,54,0
2026_FL_House-7_REP,FL,House,7,REP,Cory Mills,2026-08-18,3,3,28.266666666666666,1.6333333333333293,0.7041818360131008,0.1454536,0.010078723685636094,0.010078723685636094,0.7398731243907447,0,54,0
2026_FL_House-7_REP,FL,House,7,REP,Mike Johnson,2026-08-18,2,3,5.25,-23.016666666666666,0.05454720780557378,-2.2693336,2.4075961809494576e-05,2.4075961809494576e-05,0.7398731243907447,0,54,0
2026_FL_House-7_REP,FL,House,7,REP,Sarah Ulrich,2026-08-18,2,3,6.5,-21.766666666666666,0.016019032937858682,-2.2693336,2.4075961809494576e-05,2.4075961809494576e-05,0.7398731243907447,0,54,0
2026_FL_House-9_REP,FL,House,9,REP,Jorge Martinez,2026-08-18,1,1,14.2,0.3999999999999986,0.1406423638751248,-1.4767641,0.3256160803302074,0.3256160803302074,0.18275893747306454,0,63,0
2026_FL_House-9_REP,FL,House,9,REP,Ben Butler,2026-08-18,1,1,13.8,-0.3999999999999986,0.059440275152755,-1.7112464,0.18118403791846535,0.18118403791846535,0.18275893747306454,0,63,0
2026_FL_House-9_REP,FL,House,9,REP,Thomas Chalifoux,2026-08-18,1,1,13.8,-0.3999999999999986,0.5607948636529242,-1.7112464,0.18118403791846535,0.18118403791846535,0.18275893747306454,0,63,0
2026_FL_House-9_REP,FL,House,9,REP,Dan Green,2026-08-18,1,1,11.6,-2.5999999999999996,0.19859417647377361,-1.795545,0.1467553290800779,0.1467553290800779,0.18275893747306454,0,63,0
2026_FL_House-9_REP,FL,House,9,REP,Marcus Carter,2026-08-18,1,1,1.8,-12.399999999999999,,-2.1874874,0.05508683825092804,0.05508683825092804,0.18275893747306454,0,63,0
2026_FL_House-9_REP,FL,House,9,REP,Steve Rance,2026-08-18,1,1,1.4,-12.799999999999999,0.024191500011308563,-2.1874874,0.05508683825092804,0.05508683825092804,0.18275893747306454,0,63,0
2026_FL_House-9_REP,FL,House,9,REP,Justin Story,2026-08-18,1,1,2.5,-11.7,0.016336820834113818,-2.1874874,0.05508683825092804,0.05508683825092804,0.18275893747306454,0,63,0
2026_FL_Senate-S_DEM,FL,Senate,S,DEM,Alexander Vindman,2026-08-18,1,1,39.0,15.0,0.9933519282517496,0.979898,0.9884705595186597,0.9884705595186597,0.4884705595186597,0,89,0
2026_FL_Senate-S_DEM,FL,Senate,S,DEM,Angie Nixon,2026-08-18,1,1,24.0,-15.0,0.006648071748250458,-0.80060405,0.011529440481340246,0.011529440481340246,0.4884705595186597,0,89,0
2026_GA_Governor_DEM,GA,Governor,,DEM,Keisha Lance Bottoms,2026-06-16,8,8,42.3125,28.0125,,1.7955675,0.9994519409133182,0.9994519409133182,0.8565947980561754,0,162,1
2026_GA_Governor_DEM,GA,Governor,,DEM,Michael Thurmond,2026-06-16,8,8,14.3,-28.0125,,-1.411846,0.00032912198698726317,0.00032912198698726317,0.8565947980561754,0,162,1
2026_GA_Governor_DEM,GA,Governor,,DEM,Jason Esteves,2026-06-16,8,8,8.0,-34.3125,,-2.0786452,6.21425223165179e-05,6.21425223165179e-05,0.8565947980561754,0,162,1
2026_GA_Governor_DEM,GA,Governor,,DEM,Geoff Duncan,2026-06-16,8,8,10.875,-31.4375,,-2.155427,5.1288990535246986e-05,5.1288990535246986e-05,0.8565947980561754,0,162,1
2026_GA_Governor_DEM,GA,Governor,,DEM,Derrick Jackson,2026-06-16,7,8,1.757142857142857,-40.55535714285714,,-2.290856,3.655813948670753e-05,3.655813948670753e-05,0.8565947980561754,0,162,1
2026_GA_Governor_DEM,GA,Governor,,DEM,Amanda Duffy,2026-06-16,1,8,0.3,-42.0125,,-2.2971468,3.598767700384074e-05,3.598767700384074e-05,0.8565947980561754,0,162,1
2026_GA_Governor_DEM,GA,Governor,,DEM,Olu Brown,2026-06-16,6,8,1.0333333333333334,-41.27916666666667,,-2.3323023,3.295977035217903e-05,3.295977035217903e-05,0.8565947980561754,0,162,1
2026_GA_Governor_REP,GA,Governor,,REP,Rick Jackson,2026-06-16,13,18,27.969230769230766,5.0803418803418765,,1.2474734,0.9598574142252798,0.9598574142252798,0.8348574142252798,0,144,1
2026_GA_Governor_REP,GA,Governor,,REP,Burt Jones,2026-06-16,18,18,22.88888888888889,-5.0803418803418765,,-0.051293444,0.03733262984795199,0.03733262984795199,0.8348574142252798,0,144,1
2026_GA_Governor_REP,GA,Governor,,REP,Brad Raffensperger,2026-06-16,17,18,12.788235294117646,-15.18099547511312,,-1.2182668,0.0020186606297953285,0.0020186606297953285,0.8348574142252798,0,144,1
2026_GA_Governor_REP,GA,Governor,,REP,Chris Carr,2026-06-16,17,18,7.229411764705882,-20.739819004524882,,-2.1968727,0.00017480566127261999,0.00017480566127261999,0.8348574142252798,0,144,1
2026_GA_Governor_REP,GA,Governor,,REP,Gregg Kirkpatrick,2026-06-16,6,18,1.25,-26.719230769230766,,-2.2165685,0.00016640680996018133,0.00016640680996018133,0.8348574142252798,0,144,1
2026_GA_Governor_REP,GA,Governor,,REP,Clark Dean,2026-06-16,13,18,1.0461538461538462,-26.92307692307692,,-2.258015,0.00015002760858004034,0.00015002760858004034,0.8348574142252798,0,144,1
2026_GA_Governor_REP,GA,Governor,,REP,Leland Olinger II,2026-06-16,3,18,1.5333333333333332,-26.43589743589743,,-2.258015,0.00015002760858004034,0.00015002760858004034,0.8348574142252798,0,144,1
2026_GA_Governor_REP,GA,Governor,,REP,Ken Yasger,2026-06-16,6,18,0.3833333333333333,-27.585897435897433,,-2.258015,0.00015002760858004034,0.00015002760858004034,0.8348574142252798,0,144,1
2026_GA_House-13_DEM,GA,House,13,DEM,Jasmine Clark,2026-06-16,1,1,30.0,-1.0,0.4829441690968943,-0.13703978,0.49634788843313504,0.49634788843313504,0.3534907455759922,0,209,1
2026_GA_House-13_DEM,GA,House,13,DEM,David Scott,2026-06-16,1,1,31.0,1.0,0.15566341768044728,-0.13703978,0.49634788843313504,0.49634788843313504,0.3534907455759922,0,209,1
2026_GA_House-13_DEM,GA,House,13,DEM,Everton Blair,2026-06-16,1,1,6.0,-25.0,,-2.4402628,0.001567088648902177,0.001567088648902177,0.3534907455759922,0,209,1
2026_GA_House-13_DEM,GA,House,13,DEM,Emanuel Jones,2026-06-16,1,1,8.0,-23.0,0.0839927425547631,-2.4402628,0.001567088648902177,0.001567088648902177,0.3534907455759922,0,209,1
2026_GA_House-13_DEM,GA,House,13,DEM,Heavenly Kimes,2026-06-16,1,1,10.0,-21.0,0.2706152190810528,-2.4402628,0.001567088648902177,0.001567088648902177,0.3534907455759922,0,209,1
2026_GA_House-13_DEM,GA,House,13,DEM,Jeffree Fauntleroy,2026-06-16,1,1,1.0,-30.0,0.006784451586842511,-2.5145502,0.0013014785935117547,0.0013014785935117547,0.3534907455759922,0,209,1
2026_GA_House-13_DEM,GA,House,13,DEM,Joe Lester,2026-06-16,1,1,1.0,-30.0,,-2.5145502,0.0013014785935117547,0.0013014785935117547,0.3534907455759922,0,209,1
2026_GA_Senate_REP,GA,Senate,,REP,Mike Collins,2026-06-16,14,14,31.22142857142858,13.221428571428582,1.0,1.2940593,0.942052656553988,0.942052656553988,0.742052656553988,0,144,1
2026_GA_Senate_REP,GA,Senate,,REP,Derek Dooley,2026-06-16,13,14,14.761538461538462,-16.459890109890118,,0.14090827,0.052729952774120535,0.052729952774120535,0.742052656553988,0,144,1
2026_GA_Senate_REP,GA,Senate,,REP,Buddy Carter,2026-06-16,14,14,17.999999999999996,-13.221428571428582,,-0.8069214,0.004931333429681355,0.004931333429681355,0.742052656553988,0,144,1
2026_GA_Senate_REP,GA,Senate,,REP,John Coyne,2026-06-16,4,14,0.425,-30.796428571428578,,-2.202863,0.0001504319487667555,0.0001504319487667555,0.742052656553988,0,144,1
2026_GA_Senate_REP,GA,Senate,,REP,Jonathan McColumn,2026-06-16,5,14,1.44,-29.781428571428577,,-2.244309,0.00013562529344326446,0.00013562529344326446,0.742052656553988,0,144,1
2026_HI_House-1_DEM,HI,House,1,DEM,Jarrett Keohokalole,2026-08-08,3,3,32.43333333333333,-5.833333333333336,0.523235730468255,1.6016151,0.5426308378395459,0.5426308378395459,0.04263083783954591,1,76,0
2026_HI_House-1_DEM,HI,House,1,DEM,Ed Case,2026-08-08,3,3,38.266666666666666,5.833333333333336,0.47676426953174494,1.5332397,0.4573691621604541,0.4573691621604541,0.04263083783954591,1,76,0
2026_IA_Governor_REP,IA,Governor,,REP,Zach Lahn,2026-06-02,3,3,19.733333333333334,-9.333333333333332,,1.032262,0.928132133945429,0.928132133945429,0.728132133945429,0,133,1
2026_IA_Governor_REP,IA,Governor,,REP,Randy Feenstra,2026-06-02,3,3,29.066666666666666,9.333333333333332,,-0.03692536,0.06408470909558574,0.06408470909558574,0.728132133945429,0,133,1
2026_IA_Governor_REP,IA,Governor,,REP,Adam Steen,2026-06-02,3,3,13.266666666666666,-15.8,,-0.92996323,0.00687307161265901,0.00687307161265901,0.728132133945429,0,133,1
2026_IA_Governor_REP,IA,Governor,,REP,Brad Sherman,2026-06-02,3,3,7.266666666666667,-21.8,,-1.8671232,0.0006601495186151508,0.0006601495186151508,0.728132133945429,0,133,1
2026_IA_Governor_REP,IA,Governor,,REP,Eddie Andrews,2026-06-02,2,3,4.3,-24.766666666666666,,-2.255628,0.00024993582771109857,0.00024993582771109857,0.728132133945429,0,133,1
2026_IA_Senate_DEM,IA,Senate,,DEM,Josh Turek,2026-06-02,8,8,38.0,4.125,1.0,1.9642919,0.9581057769635412,0.9581057769635412,0.45810577696354116,0,140,1
2026_IA_Senate_DEM,IA,Senate,,DEM,Zach Wahls,2026-06-02,8,8,33.875,-4.125,,0.71236783,0.041894223036458914,0.041894223036458914,0.45810577696354116,0,140,1
2026_IA_Senate_REP,IA,Senate,,REP,Ashley Hinson,2026-06-02,2,2,59.5,39.0,,2.6332512,0.9999245579332267,0.9999245579332267,0.49992455793322665,0,133,1
2026_IA_Senate_REP,IA,Senate,,REP,Jim Carlin,2026-06-02,2,2,20.5,-39.0,1.0,-1.1635768,7.544206677324188e-05,7.544206677324188e-05,0.49992455793322665,0,133,1
2026_IL_Governor_REP,IL,Governor,,REP,Darren Bailey,2026-03-17,4,4,40.1,32.300000000000004,,1.66688,0.9997511913766064,0.9997511913766064,0.7497511913766064,0,258,1
2026_IL_Governor_REP,IL,Governor,,REP,Rick Heidner,2026-03-17,3,4,3.6999999999999997,-36.4,,-1.9021754,0.0001333027854784328,0.0001333027854784328,0.7497511913766064,0,258,1
2026_IL_Governor_REP,IL,Governor,,REP,Ted Dabrowski,2026-03-17,4,4,7.8,-32.300000000000004,,-2.2165685,6.074231149653594e-05,6.074231149653594e-05,0.7497511913766064,0,258,1
2026_IL_Governor_REP,IL,Governor,,REP,Jim Mendrick,2026-03-17,4,4,5.85,-34.25,,-2.258015,5.4763526418358656e-05,5.4763526418358656e-05,0.7497511913766064,0,258,1
2026_IL_House-2_DEM,IL,House,2,DEM,Jesse Jackson Jr.,2026-03-17,3,3,22.0,11.666666666666666,0.04887472836208755,-0.49881566,0.9777831056481001,0.9777831056481001,0.7777831056481002,0,309,1
2026_IL_House-2_DEM,IL,House,2,DEM,Willie Preston,2026-03-17,3,3,4.0,-18.0,0.0281576274917469,-2.34718,0.009625129042980777,0.009625129042980777,0.7777831056481002,0,309,1
2026_IL_House-2_DEM,IL,House,2,DEM,Robert Peters,2026-03-17,3,3,4.333333333333333,-17.666666666666668,0.31379888752698754,-2.6520102,0.0044920155802977285,0.0044920155802977285,0.7777831056481002,0,309,1
2026_IL_House-2_DEM,IL,House,2,DEM,Yumeka Brown,2026-03-17,3,3,10.333333333333334,-11.666666666666666,0.028019621728546246,-2.6934564,0.004049874864310787,0.004049874864310787,0.7777831056481002,0,309,1
2026_IL_House-2_DEM,IL,House,2,DEM,Donna Miller,2026-03-17,3,3,9.666666666666666,-12.333333333333334,0.5811491348906318,-2.6934564,0.004049874864310787,0.004049874864310787,0.7777831056481002,0,309,1
2026_IL_House-7_DEM,IL,House,7,DEM,La Shawn Ford,2026-03-17,1,1,23.0,8.0,0.14800020402461742,-0.5700217,0.8528046498187689,0.8528046498187689,0.7278046498187689,0,271,1
2026_IL_House-7_DEM,IL,House,7,DEM,Melissa Conyears-Ervin,2026-03-17,1,1,15.0,-8.0,0.169081711972016,-1.5369953,0.0760276050654338,0.0760276050654338,0.7278046498187689,0,271,1
2026_IL_House-7_DEM,IL,House,7,DEM,Kina Collins,2026-03-17,1,1,12.0,-11.0,0.00809083304205286,-2.0979848,0.018701855642398832,0.018701855642398832,0.7278046498187689,0,271,1
2026_IL_House-7_DEM,IL,House,7,DEM,Richard Boykin,2026-03-17,1,1,4.0,-19.0,0.06725748423072368,-2.3291438,0.010493177894679687,0.010493177894679687,0.7278046498187689,0,271,1
2026_IL_House-7_DEM,IL,House,7,DEM,Anthony Driver Jr.,2026-03-17,1,1,1.0,-22.0,0.03600564059233546,-2.3291438,0.010493177894679687,0.010493177894679687,0.7278046498187689,0,271,1
2026_IL_House-7_DEM,IL,House,7,DEM,Thomas Fisher,2026-03-17,1,1,4.0,-19.0,0.1285231258917224,-2.3291438,0.010493177894679687,0.010493177894679687,0.7278046498187689,0,271,1
2026_IL_House-7_DEM,IL,House,7,DEM,Jason Friedman,2026-03-17,1,1,10.0,-13.0,0.36999548283035943,-2.3291438,0.010493177894679687,0.010493177894679687,0.7278046498187689,0,271,1
2026_IL_House-7_DEM,IL,House,7,DEM,Reed Showalter,2026-03-17,1,1,1.0,-22.0,0.07304551741617266,-2.3291438,0.010493177894679687,0.010493177894679687,0.7278046498187689,0,271,1
2026_IL_House-8_DEM,IL,House,8,DEM,Melissa Bean,2026-03-17,2,2,19.0,3.5,0.2755700093564516,1.3383474,0.9930610505993153,0.9930610505993153,0.7430610505993153,0,207,1
2026_IL_House-8_DEM,IL,House,8,DEM,Junaid Ahmed,2026-03-17,2,2,15.5,-3.5,0.219558153023778,-0.73977584,0.005504048786720449,0.005504048786720449,0.7430610505993153,0,207,1
2026_IL_House-8_DEM,IL,House,8,DEM,Neil Khot,2026-03-17,2,2,9.5,-9.5,0.4169232281612096,-1.3830574,0.0011021691206006773,0.0011021691206006773,0.7430610505993153,0,207,1
2026_IL_House-8_DEM,IL,House,8,DEM,Kevin Morrison,2026-03-17,2,2,9.5,-9.5,0.08794860945856077,-1.8621372,0.0003327314933636016,0.0003327314933636016,0.7430610505993153,0,207,1
2026_IL_House-9_DEM,IL,House,9,DEM,Daniel Biss,2026-03-17,10,11,23.5,8.327272727272726,0.20936422937043228,1.7429261,0.9977219667516751,0.9977219667516751,0.9262933953231037,0,212,1
2026_IL_House-9_DEM,IL,House,9,DEM,Kat Abughazaleh,2026-03-17,11,11,15.172727272727274,-8.327272727272726,0.2894428749398263,-1.0048583,0.0010366700557270143,0.0010366700557270143,0.9262933953231037,0,212,1
2026_IL_House-9_DEM,IL,House,9,DEM,Laura Fine,2026-03-17,11,11,13.354545454545455,-10.145454545454545,0.19736384346964989,-1.2221247,0.0006022079904421031,0.0006022079904421031,0.9262933953231037,0,212,1
2026_IL_House-9_DEM,IL,House,9,DEM,Phil Andrew,2026-03-17,11,11,3.4272727272727277,-20.07272727272727,0.08602760114825797,-1.9146316,0.00010662687720009607,0.00010662687720009607,0.9262933953231037,0,212,1
2026_IL_House-9_DEM,IL,House,9,DEM,Bushra Amiwala,2026-03-17,11,11,4.5,-19.0,0.08257095449451327,-2.1811965,5.4758001064722685e-05,5.4758001064722685e-05,0.9262933953231037,0,212,1
2026_IL_House-9_DEM,IL,House,9,DEM,Jeff Cohen,2026-03-17,3,11,0.5333333333333333,-22.966666666666665,0.05633101857638727,-2.1811965,5.4758001064722685e-05,5.4758001064722685e-05,0.9262933953231037,0,212,1
2026_IL_House-9_DEM,IL,House,9,DEM,Mike Simmons,2026-03-17,11,11,7.0181818181818185,-16.48181818181818,0.033127594020491494,-2.1811965,5.4758001064722685e-05,5.4758001064722685e-05,0.9262933953231037,0,212,1
2026_IL_House-9_DEM,IL,House,9,DEM,Patricia Brown,2026-03-17,1,11,0.0,-23.5,,-2.1874874,5.3903543324728506e-05,5.3903543324728506e-05,0.9262933953231037,0,212,1
2026_IL_House-9_DEM,IL,House,9,DEM,Justin Ford,2026-03-17,1,11,1.0,-22.5,0.00014289282173181943,-2.1874874,5.3903543324728506e-05,5.3903543324728506e-05,0.9262933953231037,0,212,1
2026_IL_House-9_DEM,IL,House,9,DEM,Mark Arnold Fredrickson,2026-03-17,1,11,0.0,-23.5,,-2.1874874,5.3903543324728506e-05,5.3903543324728506e-05,0.9262933953231037,0,212,1
2026_IL_House-9_DEM,IL,House,9,DEM,Bethany Johnson,2026-03-17,1,11,0.0,-23.5,0.00019751755025540572,-2.1874874,5.3903543324728506e-05,5.3903543324728506e-05,0.9262933953231037,0,212,1
2026_IL_House-9_DEM,IL,House,9,DEM,Nick Pyati,2026-03-17,1,11,0.0,-23.5,0.018614744154020254,-2.1874874,5.3903543324728506e-05,5.3903543324728506e-05,0.9262933953231037,0,212,1
2026_IL_House-9_DEM,IL,House,9,DEM,Hoan Huynh,2026-03-17,11,11,2.7818181818181817,-20.71818181818182,,-2.2226424,4.936830256905391e-05,4.936830256905391e-05,0.9262933953231037,0,212,1
2026_IL_House-9_DEM,IL,House,9,DEM,Sam Polan,2026-03-17,3,11,0.3666666666666667,-23.133333333333333,0.026816729454434116,-2.2226424,4.936830256905391e-05,4.936830256905391e-05,0.9262933953231037,0,212,1
2026_IL_Senate_DEM,IL,Senate,,DEM,Juliana Stratton,2026-03-17,25,25,22.987999999999996,-11.484000000000005,0.5864997902870019,2.128007,0.789786940677845,0.789786940677845,0.6897869406778451,0,207,1
2026_IL_Senate_DEM,IL,Senate,,DEM,Raja Krishnamoorthi,2026-03-17,25,25,34.472,11.484000000000005,,1.5982424,0.2100513198574339,0.2100513198574339,0.6897869406778451,0,207,1
2026_IL_Senate_DEM,IL,Senate,,DEM,Robin Kelly,2026-03-17,25,25,11.712,-22.76,0.3487184272926315,-1.5991488,7.092544672021056e-05,7.092544672021056e-05,0.6897869406778451,0,207,1
2026_IL_Senate_DEM,IL,Senate,,DEM,Sean Brown,2026-03-17,5,25,0.38,-34.092,0.00020180757142897413,-2.2554839,1.3746599584469825e-05,1.3746599584469825e-05,0.6897869406778451,0,207,1
2026_IL_Senate_DEM,IL,Senate,,DEM,Kevin Ryan,2026-03-17,5,25,1.52,-32.952,0.013803156698818481,-2.2554839,1.3746599584469825e-05,1.3746599584469825e-05,0.6897869406778451,0,207,1
2026_IL_Senate_DEM,IL,Senate,,DEM,Christopher Swann,2026-03-17,4,25,0.7999999999999999,-33.672000000000004,0.0011550074891442227,-2.2554839,1.3746599584469825e-05,1.3746599584469825e-05,0.6897869406778451,0,207,1
2026_IL_Senate_DEM,IL,Senate,,DEM,Steve Botsford,2026-03-17,4,25,0.475,-33.997,0.03566411511193875,-2.2969298,1.239355481182728e-05,1.239355481182728e-05,0.6897869406778451,0,207,1
2026_IL_Senate_DEM,IL,Senate,,DEM,Awisi Bustos,2026-03-17,5,25,1.2200000000000002,-33.252,0.0,-2.2969298,1.239355481182728e-05,1.239355481182728e-05,0.6897869406778451,0,207,1
2026_IL_Senate_DEM,IL,Senate,,DEM,Jonathan Dean,2026-03-17,5,25,0.44000000000000006,-34.032000000000004,0.011775573422021384,-2.2969298,1.239355481182728e-05,1.239355481182728e-05,0.6897869406778451,0,207,1
2026_IL_Senate_DEM,IL,Senate,,DEM,Bryan Maxwell,2026-03-17,4,25,0.675,-33.797000000000004,0.0021821221270145667,-2.2969298,1.239355481182728e-05,1.239355481182728e-05,0.6897869406778451,0,207,1
2026_IL_Senate_REP,IL,Senate,,REP,R. Cary Capparelli,2026-03-17,1,2,1.7,-4.1,0.0026242430406663198,-2.3406217,0.17573707266166266,0.17573707266166266,0.009070405994996006,1,276,1
2026_IL_Senate_REP,IL,Senate,,REP,Casey Chlebek,2026-03-17,1,2,1.3,-4.5,0.05050742029765303,-2.3406217,0.17573707266166266,0.17573707266166266,0.009070405994996006,1,276,1
2026_IL_Senate_REP,IL,Senate,,REP,Pamelia Denise Long,2026-03-17,1,2,1.9,-3.9,0.0046299077028901705,-2.3406217,0.17573707266166266,0.17573707266166266,0.009070405994996006,1,276,1
2026_IL_Senate_REP,IL,Senate,,REP,Jeannie Evans,2026-03-17,2,2,2.75,-3.05,0.3271756095046704,-2.3842027,0.15759626067167062,0.15759626067167062,0.009070405994996006,1,276,1
2026_IL_Senate_REP,IL,Senate,,REP,Jimmy Lee Tillman,2026-03-17,2,2,3.15,-2.65,,-2.3842027,0.15759626067167062,0.15759626067167062,0.009070405994996006,1,276,1
2026_IL_Senate_REP,IL,Senate,,REP,Don Tracy,2026-03-17,2,2,5.8,2.65,0.6150628194541201,-2.3842027,0.15759626067167062,0.15759626067167062,0.009070405994996006,1,276,1
2026_KS_Governor_DEM,KS,Governor,,DEM,Cindy Holscher,2026-08-04,2,2,35.0,25.5,,0.9974592,0.9993787744864322,0.9993787744864322,0.6660454411530989,0,115,1
2026_KS_Governor_DEM,KS,Governor,,DEM,Curt Skoog,2026-08-04,1,2,7.0,-28.0,,-2.2228594,0.0003186498177545923,0.0003186498177545923,0.6660454411530989,0,115,1
2026_KS_Governor_DEM,KS,Governor,,DEM,Ethan Corson,2026-08-04,2,2,9.5,-25.5,,-2.243564,0.0003025756958132679,0.0003025756958132679,0.6660454411530989,0,115,1
2026_KS_Senate_DEM,KS,Senate,,DEM,Adam Hamilton,2026-08-04,2,2,24.0,12.5,0.7664203119093089,1.2791781,0.9986362621576158,0.9986362621576158,0.8986362621576158,0,84,0
2026_KS_Senate_DEM,KS,Senate,,DEM,Christy Davis,2026-08-04,2,2,11.5,-12.5,0.016766939210382588,-2.073547,0.00022868221146295098,0.00022868221146295098,0.8986362621576158,0,84,0
2026_KS_Senate_DEM,KS,Senate,,DEM,Damon Anderson,2026-08-04,1,2,0.0,-24.0,,-2.2228594,0.00015744120334035665,0.00015744120334035665,0.8986362621576158,0,84,0
2026_KS_Senate_DEM,KS,Senate,,DEM,Jason Hart,2026-08-04,1,2,1.0,-23.0,0.010651783704647465,-2.2228594,0.00015744120334035665,0.00015744120334035665,0.8986362621576158,0,84,0
2026_KS_Senate_DEM,KS,Senate,,DEM,Kevin Latz,2026-08-04,1,2,1.0,-23.0,0.007866879532599695,-2.2228594,0.00015744120334035665,0.00015744120334035665,0.8986362621576158,0,84,0
2026_KS_Senate_DEM,KS,Senate,,DEM,Patrick Schmidt,2026-08-04,2,2,5.5,-18.5,0.05090714782209427,-2.243564,0.00014949916490168797,0.00014949916490168797,0.8986362621576158,0,84,0
2026_KS_Senate_DEM,KS,Senate,,DEM,Erik Murray,2026-08-04,2,2,2.0,-22.0,0.04370172092208649,-2.304706,0.00012830821399962533,0.00012830821399962533,0.8986362621576158,0,84,0
2026_KS_Senate_DEM,KS,Senate,,DEM,Sandy Spidel Neumann,2026-08-04,2,2,1.0,-23.0,0.06453640381736554,-2.304706,0.00012830821399962533,0.00012830821399962533,0.8986362621576158,0,84,0
2026_KS_Senate_DEM,KS,Senate,,DEM,Anne Parelkar,2026-08-04,2,2,2.0,-22.0,0.006696039120891433,-2.304706,0.00012830821399962533,0.00012830821399962533,0.8986362621576158,0,84,0
2026_KS_Senate_DEM,KS,Senate,,DEM,Noah Taylor,2026-08-04,2,2,7.0,-17.0,0.03245277396062358,-2.304706,0.00012830821399962533,0.00012830821399962533,0.8986362621576158,0,84,0
2026_KY_House-4_REP,KY,House,4,REP,Ed Gallrein,2026-05-19,10,12,47.55,4.80833333333333,0.2872757484070821,2.987868,0.9750597156234876,0.9750597156234876,0.4750597156234876,0,143,1
2026_KY_House-4_REP,KY,House,4,REP,Thomas Massie,2026-05-19,12,12,42.74166666666667,-4.80833333333333,0.712724251592918,1.5214623,0.024940284376512335,0.024940284376512335,0.4750597156234876,0,143,1
2026_KY_House-6_DEM,KY,House,6,DEM,Cherlynn Stevenson,2026-05-19,1,1,27.0,14.0,0.25538776315305844,0.56395817,0.9933171970575356,0.9933171970575356,0.8504600542003928,0,182,1
2026_KY_House-6_DEM,KY,House,6,DEM,Zach Dembo,2026-05-19,1,1,13.0,-14.0,0.565357926711151,-1.9187793,0.0020021197437210636,0.0020021197437210636,0.8504600542003928,0,182,1
2026_KY_House-6_DEM,KY,House,6,DEM,Jimmy Ausbrooks,2026-05-19,1,1,2.0,-25.0,,-2.2228594,0.0009361366397486713,0.0009361366397486713,0.8504600542003928,0,182,1
2026_KY_House-6_DEM,KY,House,6,DEM,Harvey Carroll,2026-05-19,1,1,1.0,-26.0,,-2.2228594,0.0009361366397486713,0.0009361366397486713,0.8504600542003928,0,182,1
2026_KY_House-6_DEM,KY,House,6,DEM,Corey Edwards,2026-05-19,1,1,4.0,-23.0,,-2.2228594,0.0009361366397486713,0.0009361366397486713,0.8504600542003928,0,182,1
2026_KY_House-6_DEM,KY,House,6,DEM,David Kloiber,2026-05-19,1,1,2.0,-25.0,0.07568012537793185,-2.2228594,0.0009361366397486713,0.0009361366397486713,0.8504600542003928,0,182,1
2026_KY_House-6_DEM,KY,House,6,DEM,Erin Petrey,2026-05-19,1,1,6.0,-21.0,0.10357418475785861,-2.2228594,0.0009361366397486713,0.0009361366397486713,0.8504600542003928,0,182,1
2026_KY_House-6_REP,KY,House,6,REP,Ralph Alvarado,2026-05-19,3,3,30.333333333333332,17.333333333333332,0.24428658654241198,2.0202904,0.9997395350478073,0.9997395350478073,0.7997395350478074,0,154,1
2026_KY_House-6_REP,KY,House,6,REP,Ryan Dotson,2026-05-19,3,3,13.0,-17.333333333333332,0.09110926929402953,-1.4886898,0.00015490308628692432,0.00015490308628692432,0.7997395350478074,0,154,1
2026_KY_House-6_REP,KY,House,6,REP,Greg Plucinski,2026-05-19,3,3,5.0,-25.333333333333332,0.13022170857869791,-1.9146316,5.340717548540005e-05,5.340717548540005e-05,0.7997395350478074,0,154,1
2026_KY_House-6_REP,KY,House,6,REP,Steve Shannon,2026-05-19,3,3,2.0,-28.333333333333332,,-2.1811965,2.7427138906124996e-05,2.7427138906124996e-05,0.7997395350478074,0,154,1
2026_KY_House-6_REP,KY,House,6,REP,Adam Perez Arquette,2026-05-19,3,3,0.6666666666666666,-29.666666666666664,0.5343824355848606,-2.2226424,2.4727551513807373e-05,2.4727551513807373e-05,0.7997395350478074,0,154,1
2026_KY_Senate_DEM,KY,Senate,,DEM,Charles Booker,2026-05-19,3,3,33.06666666666667,10.86666666666667,0.23884291372781796,1.1353235,0.9944234475271003,0.9944234475271003,0.8277567808604337,0,191,1
2026_KY_Senate_DEM,KY,Senate,,DEM,Amy McGrath,2026-05-19,3,3,22.2,-10.86666666666667,0.5156150849851779,-0.9939077,0.0048505159618757124,0.0048505159618757124,0.8277567808604337,0,191,1
2026_KY_Senate_DEM,KY,Senate,,DEM,Pamela Stevenson,2026-05-19,3,3,3.466666666666667,-29.6,0.05323148695167635,-2.1783028,0.00025110035377268474,0.00025110035377268474,0.8277567808604337,0,191,1
2026_KY_Senate_DEM,KY,Senate,,DEM,Logan Forsythe,2026-05-19,3,3,1.4666666666666668,-31.6,0.01019620115177377,-2.3323023,0.0001708615804197718,0.0001708615804197718,0.8277567808604337,0,191,1
2026_KY_Senate_DEM,KY,Senate,,DEM,Dale Romans,2026-05-19,2,3,1.3,-31.76666666666667,0.18211431318355387,-2.3789935,0.00015203728841581865,0.00015203728841581865,0.8277567808604337,0,191,1
2026_KY_Senate_DEM,KY,Senate,,DEM,Vincent Thompson,2026-05-19,2,3,1.65,-31.41666666666667,,-2.3789935,0.00015203728841581865,0.00015203728841581865,0.8277567808604337,0,191,1
2026_KY_Senate_REP,KY,Senate,,REP,Andy Barr,2026-05-19,22,22,25.30909090909091,-10.013636363636362,,1.4127315,0.8603928485750558,0.8603928485750558,0.6103928485750558,0,150,1
2026_KY_Senate_REP,KY,Senate,,REP,Daniel Cameron,2026-05-19,22,22,35.32272727272727,10.013636363636362,0.20629026779766235,0.6838391,0.13909511388874946,0.13909511388874946,0.6103928485750558,0,150,1
2026_KY_Senate_REP,KY,Senate,,REP,Nate Morris,2026-05-19,22,22,9.522727272727273,-25.799999999999997,0.7898918377991183,-1.7788101,0.0002947979437474528,0.0002947979437474528,0.6103928485750558,0,150,1
2026_KY_Senate_REP,KY,Senate,,REP,Michael Faris,2026-05-19,4,22,2.875,-32.44772727272727,0.00381789440321935,-1.9009259,0.00021723959244715667,0.00021723959244715667,0.6103928485750558,0,150,1
2026_MA_Governor_DEM,MA,Governor,,DEM,Maura Healey,2026-09-01,1,1,63.2,52.6,,0.7953214,0.9996960538386287,0.9996960538386287,0.6663627205052953,0,178,1
2026_MA_Governor_DEM,MA,Governor,,DEM,Diana DiZoglio,2026-09-01,1,1,10.6,-52.6,,-2.7212799,0.0001519730806856777,0.0001519730806856777,0.6663627205052953,0,178,1
2026_MA_Governor_DEM,MA,Governor,,DEM,Kim Driscoll,2026-09-01,1,1,9.6,-53.6,,-2.7212799,0.0001519730806856777,0.0001519730806856777,0.6663627205052953,0,178,1
2026_MA_Governor_REP,MA,Governor,,REP,Mike Minogue,2026-09-01,8,9,33.75,14.961111111111112,,2.158221,0.9997341649087852,0.9997341649087852,0.4997341649087852,0,45,0
2026_MA_Governor_REP,MA,Governor,,REP,Brian Shortsleeve,2026-09-01,9,9,18.788888888888888,-14.961111111111112,,-1.1347264,0.0002658350912149184,0.0002658350912149184,0.4997341649087852,0,45,0
2026_MA_House-4_DEM,MA,House,4,DEM,Jake Auchincloss,2026-09-01,1,1,64.0,47.0,0.9780811070121043,1.174312,0.9984165583740031,0.9984165583740031,0.4984165583740031,0,101,1
2026_MA_House-4_DEM,MA,House,4,DEM,Jason Poulos,2026-09-01,1,1,17.0,-47.0,0.021918892987895816,-1.404316,0.001583441625996758,0.001583441625996758,0.4984165583740031,0,101,1
2026_MA_House-6_DEM,MA,House,6,DEM,Dan Koh,2026-09-01,5,5,21.2,3.599999999999998,0.4717683282551742,1.5226141,0.9905689878986121,0.9905689878986121,0.8239023212319455,0,46,0
2026_MA_House-6_DEM,MA,House,6,DEM,Tram Nguyen,2026-09-01,5,5,17.6,-3.599999999999998,0.07372521408472321,-0.36084315,0.008931964238064373,0.008931964238064373,0.8239023212319455,0,46,0
2026_MA_House-6_DEM,MA,House,6,DEM,John Beccia,2026-09-01,5,5,9.6,-11.6,0.3626406659043256,-1.9146316,0.00018362956154171643,0.00018362956154171643,0.8239023212319455,0,46,0
2026_MA_House-6_DEM,MA,House,6,DEM,Beth Andres-Beck,2026-09-01,5,5,5.8,-15.399999999999999,0.03348935250538362,-2.0486975,0.00013133559084083863,0.00013133559084083863,0.8239023212319455,0,46,0
2026_MA_House-6_DEM,MA,House,6,DEM,Jamie Belsito,2026-09-01,5,5,8.2,-13.0,0.02622272004817159,-2.161501,9.906212332895639e-05,9.906212332895639e-05,0.8239023212319455,0,46,0
2026_MA_House-6_DEM,MA,House,6,DEM,Mariah Lancaster,2026-09-01,5,5,5.4,-15.799999999999999,0.03215371920222184,-2.2226424,8.502058761227601e-05,8.502058761227601e-05,0.8239023212319455,0,46,0
2026_MA_House-8_DEM,MA,House,8,DEM,Stephen Lynch,2026-09-01,3,3,55.333333333333336,18.333333333333336,0.4278635799296233,1.7374243,0.8486356852643752,0.8486356852643752,0.34863568526437516,0,63,0
2026_MA_House-8_DEM,MA,House,8,DEM,Patrick Roath,2026-09-01,3,3,37.0,-18.333333333333336,0.5721364200703768,1.0478481,0.15136431473562498,0.15136431473562498,0.34863568526437516,0,63,0
2026_MA_Senate_DEM,MA,Senate,,DEM,Ed Markey,2026-09-01,16,16,46.7125,16.58125,0.5530288235920197,3.3026729,0.9985466586070615,0.9985466586070615,0.4985466586070615,0,40,0
2026_MA_Senate_DEM,MA,Senate,,DEM,Seth Moulton,2026-09-01,16,16,30.131249999999998,-16.58125,0.44697117640798034,0.68969864,0.0014533413929384757,0.0014533413929384757,0.4985466586070615,0,40,0
2026_MD_House-5_DEM,MD,House,5,DEM,Rushern Baker,2026-06-23,2,3,16.0,6.0,,-1.1031934,0.45230922063815715,0.45230922063815715,0.3094520777810143,0,133,1
2026_MD_House-5_DEM,MD,House,5,DEM,Adrian Boafo,2026-06-23,2,3,10.0,-6.0,0.17425613940071086,-1.2101376,0.34619616107986884,0.34619616107986884,0.3094520777810143,0,133,1
2026_MD_House-5_DEM,MD,House,5,DEM,Harry Dunn,2026-06-23,2,3,10.0,-6.0,,-1.8280566,0.07386271248587101,0.07386271248587101,0.3094520777810143,0,133,1
2026_MD_House-5_DEM,MD,House,5,DEM,Quincy Bareebe,2026-06-23,2,3,8.0,-8.0,0.7072001962922649,-2.1170714,0.03586174371898125,0.03586174371898125,0.3094520777810143,0,133,1
2026_MD_House-5_DEM,MD,House,5,DEM,Wala Blegay,2026-06-23,2,3,8.0,-8.0,0.05016993722553883,-2.1170714,0.03586174371898125,0.03586174371898125,0.3094520777810143,0,133,1
2026_MD_House-5_DEM,MD,House,5,DEM,Arthur Ellis,2026-06-23,2,3,3.5,-12.5,0.023632415454330216,-2.2167127,0.02795420917907028,0.02795420917907028,0.3094520777810143,0,133,1
2026_MD_House-5_DEM,MD,House,5,DEM,Harry Jarin,2026-06-23,2,3,1.0,-15.0,0.044741311627155195,-2.2167127,0.02795420917907028,0.02795420917907028,0.3094520777810143,0,133,1
2026_MD_House-6_DEM,MD,House,6,DEM,April McClain Delaney,2026-06-23,9,9,44.77777777777778,4.666666666666664,0.3198098376223021,1.7953042,0.7665325166020214,0.7665325166020214,0.2665325166020214,0,119,1
2026_MD_House-6_DEM,MD,House,6,DEM,David Trone,2026-06-23,9,9,40.111111111111114,-4.666666666666664,0.680190162377698,1.3197705,0.2334674833979786,0.2334674833979786,0.2665325166020214,0,119,1
2026_ME_Governor_DEM,ME,Governor,,DEM,Nirav Shah,2026-07-25,12,13,31.833333333333332,13.679487179487179,,1.5009431,0.9685407300549783,0.9685407300549783,0.7685407300549782,0,127,1
2026_ME_Governor_DEM,ME,Governor,,DEM,Hannah Pingree,2026-07-25,13,13,18.153846153846153,-13.679487179487179,,0.0314871,0.024585347234137463,0.024585347234137463,0.7685407300549782,0,127,1
2026_ME_Governor_DEM,ME,Governor,,DEM,Troy Jackson,2026-07-25,13,13,15.461538461538462,-16.37179487179487,,-0.73767686,0.003593909933342724,0.003593909933342724,0.7685407300549782,0,127,1
2026_ME_Governor_DEM,ME,Governor,,DEM,Angus King III,2026-07-25,13,13,15.923076923076923,-15.910256410256409,,-1.0352058,0.001708162570038229,0.001708162570038229,0.7685407300549782,0,127,1
2026_ME_Governor_DEM,ME,Governor,,DEM,Shenna Bellows,2026-07-25,13,13,18.153846153846153,-13.679487179487179,,-1.0684718,0.001571850207503405,0.001571850207503405,0.7685407300549782,0,127,1
2026_ME_Governor_REP,ME,Governor,,REP,Robert Charles,2026-07-25,9,10,31.444444444444443,19.555555555555554,,1.5290433,0.9943162222729814,0.9943162222729814,0.8693162222729814,0,127,1
2026_ME_Governor_REP,ME,Governor,,REP,Jonathan Bush,2026-07-25,9,10,11.88888888888889,-19.555555555555554,,-0.6085421,0.004749749041514121,0.004749749041514121,0.8693162222729814,0,127,1
2026_ME_Governor_REP,ME,Governor,,REP,Ben Midgley,2026-07-25,7,10,7.328571428571428,-24.115873015873014,,-1.5588316,0.00044147586059960263,0.00044147586059960263,0.8693162222729814,0,127,1
2026_ME_Governor_REP,ME,Governor,,REP,David Jones,2026-07-25,9,10,6.111111111111111,-25.333333333333332,,-2.0426235,0.00013171539208697137,0.00013171539208697137,0.8693162222729814,0,127,1
2026_ME_Governor_REP,ME,Governor,,REP,James Libby,2026-07-25,5,10,2.8,-28.644444444444442,,-2.155427,9.934859493687331e-05,9.934859493687331e-05,0.8693162222729814,0,127,1
2026_ME_Governor_REP,ME,Governor,,REP,Garrett Mason,2026-07-25,8,10,9.625,-21.819444444444443,,-2.155427,9.934859493687331e-05,9.934859493687331e-05,0.8693162222729814,0,127,1
2026_ME_Governor_REP,ME,Governor,,REP,Owen McCarthy,2026-07-25,8,10,3.375,-28.069444444444443,,-2.2165685,8.526645337429336e-05,8.526645337429336e-05,0.8693162222729814,0,127,1
2026_ME_Governor_REP,ME,Governor,,REP,Robert Wessels,2026-07-25,6,10,3.0,-28.444444444444443,,-2.258015,7.687378956971627e-05,7.687378956971627e-05,0.8693162222729814,0,127,1
2026_ME_House-1_REP,ME,House,1,REP,Ronald Russell,2026-07-25,1,1,24.0,17.0,0.8689771143002228,-0.21015638,0.9950206714202989,0.9950206714202989,0.49502067142029893,0,136,1
2026_ME_House-1_REP,ME,House,1,REP,Joshua Pietrowicz,2026-07-25,1,1,7.0,-17.0,0.13102288569977713,-2.3291438,0.004979328579701013,0.004979328579701013,0.49502067142029893,0,136,1
2026_ME_House-2_DEM,ME,House,2,DEM,Joe Baldacci,2026-07-25,6,6,34.833333333333336,12.000000000000004,0.3552581277822345,0.8479373,0.9637434999785216,0.9637434999785216,0.7137434999785216,0,127,1
2026_ME_House-2_DEM,ME,House,2,DEM,Matt Dunlap,2026-07-25,6,6,22.833333333333332,-12.000000000000004,0.6447418722177656,-0.71491337,0.019369478326686698,0.019369478326686698,0.7137434999785216,0,127,1
2026_ME_House-2_DEM,ME,House,2,DEM,Jordan Wood,2026-07-25,6,6,15.333333333333334,-19.5,,-0.80470526,0.015474891544825568,0.015474891544825568,0.7137434999785216,0,127,1
2026_ME_House-2_DEM,ME,House,2,DEM,Paige Loud,2026-07-25,3,6,9.333333333333334,-25.5,,-1.7623531,0.0014121301499661937,0.0014121301499661937,0.7137434999785216,0,127,1
2026_ME_Senate_DEM,ME,Senate,,DEM,Troy Jackson,2026-07-25,2,15,45.5,21.0,,2.9479709,0.9997838821937056,0.9997838821937056,0.8569267393365627,0,80,0
2026_ME_Senate_DEM,ME,Senate,,DEM,Nirav Shah,2026-07-25,2,15,24.5,-21.0,,-0.45623463,0.0002012968459469067,0.0002012968459469067,0.8569267393365627,0,80,0
2026_ME_Senate_DEM,ME,Senate,,DEM,Shenna Bellows,2026-07-25,2,15,12.5,-33.0,,-1.9041117,5.392924903646612e-06,5.392924903646612e-06,0.8569267393365627,0,80,0
2026_ME_Senate_DEM,ME,Senate,,DEM,Jordan Wood,2026-07-25,8,15,4.1375,-41.3625,0.8997215165329981,-2.0891824,3.3953651374354077e-06,3.3953651374354077e-06,0.8569267393365627,0,80,0
2026_ME_Senate_DEM,ME,Senate,,DEM,David Costello,2026-07-25,12,15,1.5666666666666667,-43.93333333333333,0.0229777363467238,-2.2216814,2.4379654459210815e-06,2.4379654459210815e-06,0.8569267393365627,0,80,0
2026_ME_Senate_DEM,ME,Senate,,DEM,Dan Kleban,2026-07-25,2,15,1.0,-44.5,0.06828656317941503,-2.343621,1.797352430272279e-06,1.797352430272279e-06,0.8569267393365627,0,80,0
2026_ME_Senate_DEM,ME,Senate,,DEM,Paige Loud,2026-07-25,2,15,1.0,-44.5,0.009014183940862942,-2.343621,1.797352430272279e-06,1.797352430272279e-06,0.8569267393365627,0,80,0
2026_ME_Senate_REP,ME,Senate,,REP,Susan Collins,2026-07-25,2,2,66.5,63.0,1.0,0.6608347,0.9997070403984377,0.9997070403984377,0.6663737070651043,0,234,1
2026_ME_Senate_REP,ME,Senate,,REP,Dan Smeriglio,2026-07-25,2,2,3.5,-63.0,,-2.8289154,0.00016252670671618776,0.00016252670671618776,0.6663737070651043,0,234,1
2026_ME_Senate_REP,ME,Senate,,REP,Carmen Calabrese,2026-07-25,2,2,1.0,-65.5,,-2.9169087,0.00013043289484608502,0.00013043289484608502,0.6663737070651043,0,234,1
2026_MI_Governor_DEM,MI,Governor,,DEM,Jocelyn Benson,2026-08-04,9,9,57.15555555555555,50.199999999999996,,2.174748,0.9999858249013122,0.9999858249013122,0.49998582490131216,0,89,0
2026_MI_Governor_DEM,MI,Governor,,DEM,Chris Swanson,2026-08-04,9,9,6.955555555555556,-50.199999999999996,,-2.290856,1.4175098687768898e-05,1.4175098687768898e-05,0.49998582490131216,0,89,0
2026_MI_Governor_REP,MI,Governor,,REP,John James,2026-08-04,26,26,36.31923076923077,17.71013986013986,,2.8661838,0.9992656895300436,0.9992656895300436,0.7492656895300436,0,71,0
2026_MI_Governor_REP,MI,Governor,,REP,Perry Johnson,2026-08-04,22,26,18.60909090909091,-17.71013986013986,,-0.08578889,0.000623185580531754,0.000623185580531754,0.7492656895300436,0,71,0
2026_MI_Governor_REP,MI,Governor,,REP,Mike Cox,2026-08-04,26,26,12.315384615384612,-24.00384615384616,,-0.78706217,0.00010794924500435721,0.00010794924500435721,0.7492656895300436,0,71,0
2026_MI_Governor_REP,MI,Governor,,REP,Aric Nesbitt,2026-08-04,24,26,5.841666666666666,-30.477564102564106,,-2.1975224,3.1756444203123353e-06,3.1756444203123353e-06,0.7492656895300436,0,71,0
2026_MI_House-10_DEM,MI,House,10,DEM,Christina Hines,2026-08-04,2,2,36.0,20.0,0.27208115259080734,1.8086312,0.9990329204717185,0.9990329204717185,0.6656995871383853,0,91,1
2026_MI_House-10_DEM,MI,House,10,DEM,Eric Chung,2026-08-04,2,2,16.0,-20.0,0.4398339361918071,-1.2240694,0.0005091749465717236,0.0005091749465717236,0.6656995871383853,0,91,1
2026_MI_House-10_DEM,MI,House,10,DEM,Tim Greimel,2026-08-04,2,2,11.5,-24.5,0.28808491121738555,-1.2665217,0.0004579045817096651,0.0004579045817096651,0.6656995871383853,0,91,1
2026_MI_House-10_REP,MI,House,10,REP,Mike Bouchard,2026-08-04,3,3,35.06666666666667,26.200000000000003,0.44057628528886206,1.2704371,0.9997372443316143,0.9997372443316143,0.7497372443316143,0,156,1
2026_MI_House-10_REP,MI,House,10,REP,Robert Lulgjuraj,2026-08-04,3,3,8.866666666666667,-26.200000000000003,0.40962044175036205,-2.387425,0.00010676099022246293,0.00010676099022246293,0.7497372443316143,0,156,1
2026_MI_House-10_REP,MI,House,10,REP,Justin Kirk,2026-08-04,3,3,2.2333333333333334,-32.833333333333336,0.1476534931588028,-2.51144,7.830056881961936e-05,7.830056881961936e-05,0.7497372443316143,0,156,1
2026_MI_House-10_REP,MI,House,10,REP,Steffan Demetropoulos,2026-08-04,1,3,0.5,-34.56666666666667,0.0021497798019729846,-2.5145502,7.769410934374138e-05,7.769410934374138e-05,0.7497372443316143,0,156,1
2026_MI_House-13_DEM,MI,House,13,DEM,Shri Thanedar,2026-08-04,1,1,46.0,4.0,0.29406272705103403,1.3435644,0.7326098971428622,0.7326098971428622,0.23260989714286218,0,85,0
2026_MI_House-13_DEM,MI,House,13,DEM,Donavan McKinney,2026-08-04,1,1,42.0,-4.0,0.705937272948966,0.9404025,0.2673901028571378,0.2673901028571378,0.23260989714286218,0,85,0
2026_MI_House-7_DEM,MI,House,7,DEM,William Lawrence,2026-08-04,6,6,19.666666666666668,-0.8333333333333321,0.16609024139030046,1.1726338,0.8361240805315788,0.8361240805315788,0.5027907471982456,0,74,0
2026_MI_House-7_DEM,MI,House,7,DEM,Matt Maasdam,2026-08-04,6,6,13.0,-7.5,0.34870410562673837,0.45449367,0.13885452260228714,0.13885452260228714,0.5027907471982456,0,74,0
2026_MI_House-7_DEM,MI,House,7,DEM,Bridget Brink,2026-08-04,6,6,20.5,0.8333333333333321,0.4852056529829612,-0.23098451,0.025021396866133975,0.025021396866133975,0.5027907471982456,0,74,0
2026_MI_Senate_DEM,MI,Senate,,DEM,Abdul El-Sayed,2026-08-04,33,36,35.55757575757576,7.0881313131313135,0.35401082641374665,3.1151085,0.9941897169340367,0.9941897169340367,0.6608563836007033,0,70,0
2026_MI_Senate_DEM,MI,Senate,,DEM,Haley Stevens,2026-08-04,36,36,28.46944444444445,-7.0881313131313135,0.3179198239302071,1.0577098,0.005803326910548643,0.005803326910548643,0.6608563836007033,0,70,0
2026_MI_Senate_DEM,MI,Senate,,DEM,Mallory McMorrow,2026-08-04,29,36,14.279310344827586,-21.278265412748176,0.32806934965604617,-1.6329141,6.9561554146300416e-06,6.9561554146300416e-06,0.6608563836007033,0,70,0
2026_MI_Senate_REP,MI,Senate,,REP,Mike Rogers,2026-08-04,6,6,43.53333333333333,41.43333333333333,0.9852326794919931,1.4709955,0.999863564437422,0.999863564437422,0.8331968977707553,0,178,1
2026_MI_Senate_REP,MI,Senate,,REP,Kent Benham,2026-08-04,1,6,2.1,-41.43333333333333,,-2.7325883,2.7287112515578287e-05,2.7287112515578287e-05,0.8331968977707553,0,178,1
2026_MI_Senate_REP,MI,Senate,,REP,Frederick Heurtebise,2026-08-04,1,6,0.9,-42.63333333333333,,-2.7325883,2.7287112515578287e-05,2.7287112515578287e-05,0.8331968977707553,0,178,1
2026_MI_Senate_REP,MI,Senate,,REP,Andrew Kamal,2026-08-04,1,6,1.7,-41.83333333333333,,-2.7325883,2.7287112515578287e-05,2.7287112515578287e-05,0.8331968977707553,0,178,1
2026_MI_Senate_REP,MI,Senate,,REP,Genevieve Scott,2026-08-04,1,6,1.4,-42.13333333333333,0.007652596523998168,-2.7325883,2.7287112515578287e-05,2.7287112515578287e-05,0.8331968977707553,0,178,1
2026_MI_Senate_REP,MI,Senate,,REP,Bernadette Smith,2026-08-04,1,6,0.9,-42.63333333333333,0.007114723984008591,-2.7325883,2.7287112515578287e-05,2.7287112515578287e-05,0.8331968977707553,0,178,1
2026_MN_Governor_REP,MN,Governor,,REP,Mike Lindell,2026-08-11,7,7,26.571428571428573,2.7142857142857153,,2.4023213,0.9907862663413126,0.9907862663413126,0.6574529330079792,0,65,0
2026_MN_Governor_REP,MN,Governor,,REP,Lisa Demuth,2026-08-11,7,7,23.857142857142858,-2.7142857142857153,,0.52186644,0.009001233213181765,0.009001233213181765,0.6574529330079792,0,65,0
2026_MN_Governor_REP,MN,Governor,,REP,Kendall Qualls,2026-08-11,7,7,14.642857142857142,-11.92857142857143,,-0.9766027,0.0002125004455056306,0.0002125004455056306,0.6574529330079792,0,65,0
2026_MN_House-2_DEM,MN,House,2,DEM,Matt Little,2026-08-11,2,2,33.5,18.5,0.39190478996249134,0.70102245,0.9917320507427342,0.9917320507427342,0.6583987174094008,0,129,1
2026_MN_House-2_DEM,MN,House,2,DEM,Matt Klein,2026-08-11,2,2,15.0,-18.5,0.4525300355929284,-1.3630455,0.005693261088328505,0.005693261088328505,0.6583987174094008,0,129,1
2026_MN_House-2_DEM,MN,House,2,DEM,Kaela Berg,2026-08-11,2,2,14.5,-19.0,0.15556517444458023,-1.6804674,0.0025746881689372183,0.0025746881689372183,0.6583987174094008,0,129,1
2026_MN_Senate_DEM,MN,Senate,,DEM,Angie Craig,2026-08-11,14,14,35.642857142857146,-7.357142857142854,1.0,2.3302622,0.6004959171815932,0.6004959171815932,0.10049591718159323,0,65,0
2026_MN_Senate_DEM,MN,Senate,,DEM,Peggy Flanagan,2026-08-11,14,14,43.0,7.357142857142854,,2.1672494,0.3995040828184067,0.3995040828184067,0.10049591718159323,0,65,0
2026_MN_Senate_REP,MN,Senate,,REP,Michele Tafoya,2026-08-11,7,7,45.25714285714286,33.55714285714286,0.6526347959049401,2.8341916,0.9999793524939551,0.9999793524939551,0.7499793524939551,0,65,0
2026_MN_Senate_REP,MN,Senate,,REP,Adam Schwarze,2026-08-11,7,7,6.728571428571429,-38.52857142857143,0.19486016199973963,-1.8149741,8.958258411646234e-06,8.958258411646234e-06,0.7499793524939551,0,65,0
2026_MN_Senate_REP,MN,Senate,,REP,Tom Weiler,2026-08-11,6,7,3.6,-41.65714285714286,0.030729318883694318,-1.9506533,6.381337544809695e-06,6.381337544809695e-06,0.7499793524939551,0,65,0
2026_MN_Senate_REP,MN,Senate,,REP,Royce White,2026-08-11,7,7,11.700000000000001,-33.55714285714286,0.12177572321162586,-2.0243251,5.307910088480608e-06,5.307910088480608e-06,0.7499793524939551,0,65,0
2026_MO_House-1_DEM,MO,House,1,DEM,Wesley Bell,2026-08-04,1,1,44.0,4.0,0.3778992122215239,0.16114363,0.6879662482536616,0.6879662482536616,0.1879662482536616,0,227,1
2026_MO_House-1_DEM,MO,House,1,DEM,Cori Bush,2026-08-04,1,1,40.0,-4.0,0.6221007877784762,-0.15510774,0.31203375174633846,0.31203375174633846,0.1879662482536616,0,227,1
2026_MT_House-1_DEM,MT,House,1,DEM,Ryan Busse,2026-06-02,1,1,35.0,15.0,0.29904584607111107,0.7202498,0.9904394340974262,0.9904394340974262,0.7404394340974262,0,190,1
2026_MT_House-1_DEM,MT,House,1,DEM,Russell Cleveland,2026-06-02,1,1,20.0,-15.0,0.07412192841506413,-1.2011306,0.008122985149211654,0.008122985149211654,0.7404394340974262,0,190,1
2026_MT_House-1_DEM,MT,House,1,DEM,Sam Forstag,2026-06-02,1,1,13.0,-22.0,0.5236965837818276,-2.0250635,0.0010354804278527208,0.0010354804278527208,0.7404394340974262,0,190,1
2026_MT_House-1_DEM,MT,House,1,DEM,Matt Rains,2026-06-02,1,1,5.0,-30.0,0.10313564173199734,-2.4034312,0.0004021003255093399,0.0004021003255093399,0.7404394340974262,0,190,1
2026_MT_Senate_REP,MT,Senate,,REP,Kurt Alme,2026-06-02,1,1,73.0,58.0,1.0,1.2805964,0.9987552704066521,0.9987552704066521,0.6654219370733188,0,154,1
2026_MT_Senate_REP,MT,Senate,,REP,Charles Walking Child,2026-06-02,1,1,15.0,-58.0,,-1.5231185,0.0009023278052854301,0.0009023278052854301,0.6654219370733188,0,154,1
2026_MT_Senate_REP,MT,Senate,,REP,Lee Calhoun,2026-06-02,1,1,12.0,-61.0,,-1.9107157,0.000342401788062282,0.000342401788062282,0.6654219370733188,0,154,1
2026_NC_House-1_REP,NC,House,1,REP,Laurie Buckhout,2026-05-12,1,1,26.0,3.8999999999999986,0.8016335030499016,-0.31167752,0.8930078063184851,0.8930078063184851,0.693007806318485,0,242,1
2026_NC_House-1_REP,NC,House,1,REP,Asa Buck,2026-05-12,1,1,22.1,-3.8999999999999986,0.0730065772988265,-1.2126083,0.09390355714615073,0.09390355714615073,0.693007806318485,0,242,1
2026_NC_House-1_REP,NC,House,1,REP,Bobby Hanig,2026-05-12,1,1,10.7,-15.3,0.07767234515175463,-2.4402628,0.004362878845121322,0.004362878845121322,0.693007806318485,0,242,1
2026_NC_House-1_REP,NC,House,1,REP,Eric Rouse,2026-05-12,1,1,5.1,-20.9,,-2.4402628,0.004362878845121322,0.004362878845121322,0.693007806318485,0,242,1
2026_NC_House-1_REP,NC,House,1,REP,Ashley-Nicole Russell,2026-05-12,1,1,0.5,-25.5,0.04768757449951722,-2.4402628,0.004362878845121322,0.004362878845121322,0.693007806318485,0,242,1
2026_NC_Senate_DEM,NC,Senate,,DEM,Roy Cooper,2026-05-12,2,2,58.5,55.5,1.0,1.2938466,0.9996336496879707,0.9996336496879707,0.8329669830213041,0,230,1
2026_NC_Senate_DEM,NC,Senate,,DEM,Robert Colon,2026-05-12,1,2,3.0,-55.5,,-2.5145502,7.32700624058109e-05,7.32700624058109e-05,0.8329669830213041,0,230,1
2026_NC_Senate_DEM,NC,Senate,,DEM,Justin Dues,2026-05-12,1,2,3.0,-55.5,,-2.5145502,7.32700624058109e-05,7.32700624058109e-05,0.8329669830213041,0,230,1
2026_NC_Senate_DEM,NC,Senate,,DEM,Daryl Farrow,2026-05-12,1,2,2.0,-56.5,,-2.5145502,7.32700624058109e-05,7.32700624058109e-05,0.8329669830213041,0,230,1
2026_NC_Senate_DEM,NC,Senate,,DEM,Orrick Quick,2026-05-12,1,2,0.0,-58.5,,-2.5145502,7.32700624058109e-05,7.32700624058109e-05,0.8329669830213041,0,230,1
2026_NC_Senate_DEM,NC,Senate,,DEM,Marcus Williams,2026-05-12,1,2,2.0,-56.5,,-2.5145502,7.32700624058109e-05,7.32700624058109e-05,0.8329669830213041,0,230,1
2026_NC_Senate_REP,NC,Senate,,REP,Michael Whatley,2026-05-12,3,3,37.43333333333333,28.93333333333333,0.9859440825167601,1.0353503,0.9990017819453844,0.9990017819453844,0.8561446390882415,0,227,1
2026_NC_Senate_REP,NC,Senate,,REP,Don Brown,2026-05-12,3,3,8.5,-28.93333333333333,0.012763751764398173,-2.079414,0.0004147190518389111,0.0004147190518389111,0.8561446390882415,0,227,1
2026_NC_Senate_REP,NC,Senate,,REP,Michele Morrow,2026-05-12,3,3,2.533333333333333,-34.9,0.001081332690672114,-2.5497057,0.0001279797022375025,0.0001279797022375025,0.8561446390882415,0,227,1
2026_NC_Senate_REP,NC,Senate,,REP,Richard Dansie,2026-05-12,2,3,2.7,-34.73333333333333,0.00021083302816967705,-2.596397,0.00011387982513476828,0.00011387982513476828,0.8561446390882415,0,227,1
2026_NC_Senate_REP,NC,Senate,,REP,Margot Dupre,2026-05-12,2,3,1.8,-35.63333333333333,,-2.596397,0.00011387982513476828,0.00011387982513476828,0.8561446390882415,0,227,1
2026_NC_Senate_REP,NC,Senate,,REP,Thomas Johnson,2026-05-12,2,3,1.5,-35.93333333333333,0.0,-2.596397,0.00011387982513476828,0.00011387982513476828,0.8561446390882415,0,227,1
2026_NC_Senate_REP,NC,Senate,,REP,Elizabeth Temple,2026-05-12,2,3,1.8,-35.63333333333333,,-2.596397,0.00011387982513476828,0.00011387982513476828,0.8561446390882415,0,227,1
2026_NE_House-2_DEM,NE,House,2,DEM,John Cavanaugh,2026-05-12,2,2,39.5,24.5,0.2713697671237525,0.7245484,0.9985314059525313,0.9985314059525313,0.7985314059525312,0,269,1
2026_NE_House-2_DEM,NE,House,2,DEM,Crystal Rhoades,2026-05-12,2,2,15.0,-24.5,0.022478206199906006,-2.0476403,0.0009761039401101771,0.0009761039401101771,0.7985314059525312,0,269,1
2026_NE_House-2_DEM,NE,House,2,DEM,James Leuschen,2026-05-12,1,2,3.0,-36.5,0.07860696030405462,-2.7325883,0.00017612591368871555,0.00017612591368871555,0.7985314059525312,0,269,1
2026_NE_House-2_DEM,NE,House,2,DEM,Denise Powell,2026-05-12,2,2,9.5,-30.0,0.5326154518481657,-2.7401476,0.00017282869632216267,0.00017282869632216267,0.7985314059525312,0,269,1
2026_NE_House-2_DEM,NE,House,2,DEM,Kishla Askins,2026-05-12,2,2,4.0,-35.5,0.09492961452412105,-2.814435,0.0001435354973475272,0.0001435354973475272,0.7985314059525312,0,269,1
2026_NH_Governor_DEM,NH,Governor,,DEM,Cinde Warmington,2026-09-08,1,1,40.0,27.0,,0.27378356,0.9989506288211312,0.9989506288211312,0.49895062882113117,0,204,1
2026_NH_Governor_DEM,NH,Governor,,DEM,Jon Kiper,2026-09-08,1,1,13.0,-27.0,,-2.4696221,0.001049371178868848,0.001049371178868848,0.49895062882113117,0,204,1
2026_NH_House-1_DEM,NH,House,1,DEM,Maura Sullivan,2026-09-08,8,9,16.125,-9.25,0.4606893354098303,0.6826331,0.780846920877235,0.780846920877235,0.6697358097661239,0,38,0
2026_NH_House-1_DEM,NH,House,1,DEM,Stefany Shaheen,2026-09-08,8,9,25.375,9.25,0.30513985025560075,0.1639407,0.2135024091223799,0.2135024091223799,0.6697358097661239,0,38,0
2026_NH_House-1_DEM,NH,House,1,DEM,Carleigh Beriont,2026-09-08,8,9,5.75,-19.625,0.06998530835492386,-1.702421,0.0020092147958958033,0.0020092147958958033,0.6697358097661239,0,38,0
2026_NH_House-1_DEM,NH,House,1,DEM,Heath Howard,2026-09-08,8,9,6.25,-19.125,0.006678801929163013,-2.0817893,0.0007782738954314538,0.0007782738954314538,0.6697358097661239,0,38,0
2026_NH_House-1_DEM,NH,House,1,DEM,Bill Conlin,2026-09-08,2,9,0.0,-25.375,,-2.1699262,0.0006243656875305867,0.0006243656875305867,0.6697358097661239,0,38,0
2026_NH_House-1_DEM,NH,House,1,DEM,Christian Urrutia,2026-09-08,8,9,3.0,-22.375,0.14356943238992265,-2.1811965,0.000607019261468373,0.000607019261468373,0.6697358097661239,0,38,0
2026_NH_House-1_DEM,NH,House,1,DEM,Sarah Bella Spinosa,2026-09-08,1,9,0.0,-25.375,,-2.1874874,0.0005975471789196665,0.0005975471789196665,0.6697358097661239,0,38,0
2026_NH_House-1_DEM,NH,House,1,DEM,Sarah Chadzynski,2026-09-08,8,9,1.125,-24.25,0.013937271660559372,-2.2226424,0.0005472718138485988,0.0005472718138485988,0.6697358097661239,0,38,0
2026_NH_House-1_DEM,NH,House,1,DEM,Matthew Emerson,2026-09-08,2,9,0.0,-25.375,,-2.2693336,0.0004869773672906938,0.0004869773672906938,0.6697358097661239,0,38,0
2026_NH_House-1_REP,NH,House,1,REP,Anthony DiLorenzo,2026-09-08,5,7,16.4,1.2333333333333325,0.6393648280706956,0.631729,0.7654380571078699,0.7654380571078699,0.5654380571078699,0,45,0
2026_NH_House-1_REP,NH,House,1,REP,Hollie Noveletsky,2026-09-08,6,7,15.166666666666666,-1.2333333333333325,0.15141984274861386,0.15540618,0.23267467174941744,0.23267467174941744,0.5654380571078699,0,45,0
2026_NH_House-1_REP,NH,House,1,REP,Brian Cole,2026-09-08,7,7,6.0,-10.399999999999999,0.13281600363164037,-2.1200547,0.0007874061988972073,0.0007874061988972073,0.5654380571078699,0,45,0
2026_NH_House-1_REP,NH,House,1,REP,Melissa Bailey,2026-09-08,6,7,2.0,-14.399999999999999,0.057975571973491936,-2.258015,0.0005577125923639519,0.0005577125923639519,0.5654380571078699,0,45,0
2026_NH_House-1_REP,NH,House,1,REP,Lindsey Anderson,2026-09-08,2,7,0.5,-15.899999999999999,0.01842375357555821,-2.2693336,0.0005421523514514392,0.0005421523514514392,0.5654380571078699,0,45,0
2026_NH_House-2_DEM,NH,House,2,DEM,Maggie Goodlander,2026-09-08,5,5,65.8,53.199999999999996,0.9920303733534885,1.9435548,0.998415990294755,0.998415990294755,0.49841599029475503,0,45,0
2026_NH_House-2_DEM,NH,House,2,DEM,Paige Beauchemin,2026-09-08,5,5,12.6,-53.199999999999996,0.007969626646511394,-0.6349295,0.001584009705244856,0.001584009705244856,0.49841599029475503,0,45,0
2026_NH_House-2_REP,NH,House,2,REP,Lily Tang Williams,2026-09-08,3,3,55.666666666666664,50.33333333333333,0.8709439861897543,1.5759751,0.99981403592932,0.99981403592932,0.74981403592932,0,45,0
2026_NH_House-2_REP,NH,House,2,REP,Michael Callis,2026-09-08,1,3,1.0,-54.666666666666664,,-2.2617748,6.809814541519122e-05,6.809814541519122e-05,0.74981403592932,0,45,0
2026_NH_House-2_REP,NH,House,2,REP,Victor Orlando,2026-09-08,3,3,5.333333333333333,-50.33333333333333,0.12880258933996244,-2.2969298,6.236862439627989e-05,6.236862439627989e-05,0.74981403592932,0,45,0
2026_NH_House-2_REP,NH,House,2,REP,Dan Nicholson,2026-09-08,2,3,0.5,-55.166666666666664,0.00025342447028320493,-2.343621,5.549730086856781e-05,5.549730086856781e-05,0.74981403592932,0,45,0
2026_NH_Senate_DEM,NH,Senate,,DEM,Chris Pappas,2026-09-08,11,11,61.36363636363637,43.727272727272734,0.9847707344465486,1.863843,0.99556725391168,0.99556725391168,0.79556725391168,0,44,0
2026_NH_Senate_DEM,NH,Senate,,DEM,Karishma Manzur,2026-09-08,11,11,17.636363636363637,-43.727272727272734,0.015229265553451459,-0.31044465,0.004338781880967313,0.004338781880967313,0.79556725391168,0,44,0
2026_NH_Senate_DEM,NH,Senate,,DEM,David Jarvis,2026-09-08,2,11,0.0,-61.36363636363637,,-2.255628,3.352831397869853e-05,3.352831397869853e-05,0.79556725391168,0,44,0
2026_NH_Senate_DEM,NH,Senate,,DEM,John Vail,2026-09-08,2,11,0.0,-61.36363636363637,,-2.255628,3.352831397869853e-05,3.352831397869853e-05,0.79556725391168,0,44,0
2026_NH_Senate_DEM,NH,Senate,,DEM,Maxwell Saal,2026-09-08,2,11,0.5,-60.86363636363637,,-2.343621,2.6907579395210837e-05,2.6907579395210837e-05,0.79556725391168,0,44,0
2026_NH_Senate_REP,NH,Senate,,REP,John E. Sununu,2026-09-08,15,16,52.559999999999995,27.128749999999997,0.6533229510293784,2.2193632,0.9994226413013522,0.9994226413013522,0.8565654984442093,0,45,0
2026_NH_Senate_REP,NH,Senate,,REP,Scott Brown,2026-09-08,16,16,25.43125,-27.128749999999997,0.3466770489706216,-0.8089805,0.0005149519985992952,0.0005149519985992952,0.8565654984442093,0,45,0
2026_NH_Senate_REP,NH,Senate,,REP,Andy Martin,2026-09-08,1,16,0.0,-52.559999999999995,,-2.2617748,1.3627476086412684e-05,1.3627476086412684e-05,0.8565654984442093,0,45,0
2026_NH_Senate_REP,NH,Senate,,REP,Sabrina Smith,2026-09-08,1,16,0.0,-52.559999999999995,,-2.2617748,1.3627476086412684e-05,1.3627476086412684e-05,0.8565654984442093,0,45,0
2026_NH_Senate_REP,NH,Senate,,REP,Tom Alciere,2026-09-08,2,16,0.0,-52.559999999999995,,-2.2824795,1.2940037532038763e-05,1.2940037532038763e-05,0.8565654984442093,0,45,0
2026_NH_Senate_REP,NH,Senate,,REP,Sky Danley,2026-09-08,2,16,0.0,-52.559999999999995,,-2.343621,1.1105855171764284e-05,1.1105855171764284e-05,0.8565654984442093,0,45,0
2026_NH_Senate_REP,NH,Senate,,REP,Mary Maxwell,2026-09-08,2,16,0.5,-52.059999999999995,,-2.343621,1.1105855171764284e-05,1.1105855171764284e-05,0.8565654984442093,0,45,0
2026_NJ_House-12_DEM,NJ,House,12,DEM,Adam Hamawy,2026-06-02,2,2,12.0,-1.0,0.4594708739907732,-0.84436363,0.8426379857416971,0.8426379857416971,0.5926379857416971,0,154,1
2026_NJ_House-12_DEM,NJ,House,12,DEM,Sue Altman,2026-06-02,2,2,12.0,-1.0,0.17999214186969856,-1.8859123,0.06234389527618177,0.06234389527618177,0.5926379857416971,0,154,1
2026_NJ_House-12_DEM,NJ,House,12,DEM,Verlina Reynolds-Jackson,2026-06-02,2,2,13.0,1.0,0.10096682549658816,-1.9009848,0.0600384142230549,0.0600384142230549,0.5926379857416971,0,154,1
2026_NJ_House-12_DEM,NJ,House,12,DEM,Brad Cohen,2026-06-02,2,2,11.0,-2.0,0.25957015864294014,-2.1170714,0.03497970475906625,0.03497970475906625,0.5926379857416971,0,154,1
2026_NJ_House-7_DEM,NJ,House,7,DEM,Rebecca Bennett,2026-06-02,5,5,28.0,11.8,0.4327370866097018,2.7981663,0.9997986857994444,0.9997986857994444,0.7497986857994444,0,129,1
2026_NJ_House-7_DEM,NJ,House,7,DEM,Tina Shah,2026-06-02,5,5,16.2,-11.8,0.23629096675933745,-0.8035263,0.00012286397267159173,0.00012286397267159173,0.7497986857994444,0,129,1
2026_NJ_House-7_DEM,NJ,House,7,DEM,Brian Varela,2026-06-02,5,5,12.4,-15.6,0.20120417948479352,-1.0481795,6.664931491967847e-05,6.664931491967847e-05,0.7497986857994444,0,129,1
2026_NJ_House-7_DEM,NJ,House,7,DEM,Michael Roth,2026-06-02,5,5,10.6,-17.4,0.12976776714616728,-1.7406867,1.1800912964184496e-05,1.1800912964184496e-05,0.7497986857994444,0,129,1
2026_NJ_House-8_DEM,NJ,House,8,DEM,Bob Menendez,2026-06-02,1,1,42.0,15.0,,1.2805964,0.9789408159435574,0.9789408159435574,0.4789408159435574,0,175,1
2026_NJ_House-8_DEM,NJ,House,8,DEM,Mussab Ali,2026-06-02,1,1,27.0,-15.0,1.0,-0.2550574,0.021059184056442633,0.021059184056442633,0.4789408159435574,0,175,1
2026_NM_Governor_DEM,NM,Governor,,DEM,Deb Haaland,2026-06-02,9,9,51.82222222222222,29.5,,1.5104326,0.9846935333678198,0.9846935333678198,0.48469353336781984,0,167,1
2026_NM_Governor_DEM,NM,Governor,,DEM,Sam Bregman,2026-06-02,9,9,22.322222222222223,-29.5,,-0.15518942,0.015306466632180191,0.015306466632180191,0.48469353336781984,0,167,1
2026_NM_Governor_REP,NM,Governor,,REP,Gregg Hull,2026-06-02,3,3,28.0,8.133333333333333,,1.5763003,0.8090549254913225,0.8090549254913225,0.4757215921579892,0,141,1
2026_NM_Governor_REP,NM,Governor,,REP,Doug Turner,2026-06-02,3,3,19.866666666666667,-8.133333333333333,,0.99847305,0.19081393097301866,0.19081393097301866,0.4757215921579892,0,141,1
2026_NM_Governor_REP,NM,Governor,,REP,Duke Rodriguez,2026-06-02,3,3,10.233333333333333,-17.766666666666666,,-1.9146316,0.00013114353565874814,0.00013114353565874814,0.4757215921579892,0,141,1
2026_NM_Senate_DEM,NM,Senate,,DEM,Ben Luján,2026-06-02,1,1,69.0,60.0,1.0,1.2805964,0.9998695458056959,0.9998695458056959,0.49986954580569587,0,167,1
2026_NM_Senate_DEM,NM,Senate,,DEM,Matt Dodson,2026-06-02,1,1,9.0,-60.0,,-2.2971468,0.00013045419430410079,0.00013045419430410079,0.49986954580569587,0,167,1
2026_NV_Governor_DEM,NV,Governor,,DEM,Aaron Ford,2026-06-09,1,1,48.0,35.0,,0.574482,0.9997210388271206,0.9997210388271206,0.4997210388271206,0,294,1
2026_NV_Governor_DEM,NV,Governor,,DEM,Alexis Hill,2026-06-09,1,1,13.0,-35.0,,-2.6991816,0.00027896117287946713,0.00027896117287946713,0.4997210388271206,0,294,1
2026_NV_Governor_REP,NV,Governor,,REP,Joe Lombardo,2026-06-09,1,1,60.0,53.0,,1.0631931,0.9994232737357858,0.9994232737357858,0.7494232737357858,0,209,1
2026_NV_Governor_REP,NV,Governor,,REP,Irina Hansen,2026-06-09,1,1,4.0,-56.0,,-2.3592782,0.00019224208807136332,0.00019224208807136332,0.7494232737357858,0,209,1
2026_NV_Governor_REP,NV,Governor,,REP,Matthew Winterhawk,2026-06-09,1,1,7.0,-53.0,,-2.3592782,0.00019224208807136332,0.00019224208807136332,0.7494232737357858,0,209,1
2026_NV_Governor_REP,NV,Governor,,REP,Jose Zalaya,2026-06-09,1,1,4.0,-56.0,,-2.3592782,0.00019224208807136332,0.00019224208807136332,0.7494232737357858,0,209,1
2026_NY_Governor_DEM,NY,Governor,,DEM,Kathy Hochul,2026-06-23,21,21,50.285714285714285,37.80952380952381,,1.3714345,0.9999217763466671,0.9999217763466671,0.4999217763466671,0,253,1
2026_NY_Governor_DEM,NY,Governor,,DEM,Antonio Delgado,2026-06-23,21,21,12.476190476190476,-37.80952380952381,,-2.4109097,7.82236533328296e-05,7.82236533328296e-05,0.4999217763466671,0,253,1
2026_NY_Governor_REP,NY,Governor,,REP,Elise Stefanik,2026-06-23,10,15,47.4,29.4,,1.2003225,0.9955318172831079,0.9955318172831079,0.6621984839497745,0,273,1
2026_NY_Governor_REP,NY,Governor,,REP,Bruce Blakeman,2026-06-23,15,15,14.0,-33.4,,-1.021801,0.003849596451020301,0.003849596451020301,0.6621984839497745,0,273,1
2026_NY_Governor_REP,NY,Governor,,REP,Mike Lawler,2026-06-23,11,15,18.0,-29.4,,-1.7531158,0.0006185862658718038,0.0006185862658718038,0.6621984839497745,0,273,1
2026_NY_House-10_DEM,NY,House,10,DEM,Brad Lander,2026-06-23,3,4,51.86666666666667,16.09166666666667,0.22636510393324477,1.3478608,0.9703732090607241,0.9703732090607241,0.6370398757273907,0,144,1
2026_NY_House-10_DEM,NY,House,10,DEM,Daniel Goldman,2026-06-23,4,4,35.775,-16.09166666666667,0.7736348960667552,-0.049054984,0.029529544074855318,0.029529544074855318,0.6370398757273907,0,144,1
2026_NY_House-10_DEM,NY,House,10,DEM,Nickie Kane,2026-06-23,1,4,3.0,-48.86666666666667,,-2.3354125,9.724686442053783e-05,9.724686442053783e-05,0.6370398757273907,0,144,1
2026_NY_House-12_DEM,NY,House,12,DEM,Micah Lasher,2026-06-23,11,11,16.327272727272728,-3.0636363636363626,0.16869902932928038,-0.30822203,0.5425554397077882,0.5425554397077882,0.4314443285966771,0,144,1
2026_NY_House-12_DEM,NY,House,12,DEM,Alex Bores,2026-06-23,11,11,16.945454545454545,-2.4454545454545453,0.2026240073412709,-0.46041068,0.37085777244279,0.37085777244279,0.4314443285966771,0,144,1
2026_NY_House-12_DEM,NY,House,12,DEM,Jack Schlossberg,2026-06-23,11,11,19.39090909090909,2.4454545454545453,0.20602736322572218,-1.294964,0.04603654085624313,0.04603654085624313,0.4314443285966771,0,144,1
2026_NY_House-12_DEM,NY,House,12,DEM,George Conway,2026-06-23,11,11,12.227272727272727,-7.163636363636364,0.359743909414338,-1.7663007,0.014169526559155678,0.014169526559155678,0.4314443285966771,0,144,1
2026_NY_House-12_DEM,NY,House,12,DEM,Laura Dunn,2026-06-23,4,11,2.4,-16.990909090909092,0.010949649625372851,-2.1285756,0.005728229119139774,0.005728229119139774,0.4314443285966771,0,144,1
2026_NY_House-12_DEM,NY,House,12,DEM,Nina Schwalbe,2026-06-23,6,11,2.6999999999999997,-16.69090909090909,0.034868217706950165,-2.1285756,0.005728229119139774,0.005728229119139774,0.4314443285966771,0,144,1
2026_NY_House-12_DEM,NY,House,12,DEM,Chris Diep,2026-06-23,4,11,0.475,-18.91590909090909,5.076669963921503e-07,-2.1700215,0.005164413288284627,0.005164413288284627,0.4314443285966771,0,144,1
2026_NY_House-12_DEM,NY,House,12,DEM,Matthew Shurka,2026-06-23,3,11,1.3333333333333333,-18.05757575757576,0.015311648836788322,-2.1700215,0.005164413288284627,0.005164413288284627,0.4314443285966771,0,144,1
2026_NY_House-12_DEM,NY,House,12,DEM,Patrick Timmins,2026-06-23,2,11,0.05,-19.34090909090909,0.001775666853280824,-2.2167127,0.004595435619174199,0.004595435619174199,0.4314443285966771,0,144,1
2026_NY_House-13_DEM,NY,House,13,DEM,Adriano Espaillat,2026-06-23,3,3,37.333333333333336,6.0000000000000036,0.675670326436485,1.2826256,0.6721765315395068,0.6721765315395068,0.42217653153950685,0,119,1
2026_NY_House-13_DEM,NY,House,13,DEM,Darializa Avila Chevalier,2026-06-23,3,3,31.333333333333332,-6.0000000000000036,0.31951908686624864,0.99515736,0.3276187269326226,0.3276187269326226,0.42217653153950685,0,119,1
2026_NY_House-13_DEM,NY,House,13,DEM,Theo Chino-Tavarez,2026-06-23,1,3,2.0,-35.333333333333336,,-2.2120473,0.00010794199986230499,0.00010794199986230499,0.42217653153950685,0,119,1
2026_NY_House-13_DEM,NY,House,13,DEM,Oscar Romero,2026-06-23,2,3,3.0,-34.333333333333336,0.004810586697266491,-2.255628,9.679952800837653e-05,9.679952800837653e-05,0.42217653153950685,0,119,1
2026_NY_House-15_DEM,NY,House,15,DEM,Ritchie Torres,2026-06-23,1,1,60.0,45.0,0.9376889453732192,1.2805964,0.9990119306171902,0.9990119306171902,0.6656785972838568,0,151,1
2026_NY_House-15_DEM,NY,House,15,DEM,Michael Blake,2026-06-23,1,1,15.0,-45.0,0.023163467819585535,-1.543498,0.0008577270826011955,0.0008577270826011955,0.6656785972838568,0,151,1
2026_NY_House-15_DEM,NY,House,15,DEM,Jose Vega,2026-06-23,1,1,7.0,-53.0,0.03914758680719534,-2.2971468,0.00013034230020860725,0.00013034230020860725,0.6656785972838568,0,151,1
2026_NY_House-17_DEM,NY,House,17,DEM,Cait Conley,2026-06-23,6,6,24.5,3.0,0.6302077517067088,2.5438128,0.9997905114354202,0.9997905114354202,0.7997905114354202,0,114,1
2026_NY_House-17_DEM,NY,House,17,DEM,Beth Davidson,2026-06-23,6,6,21.5,-3.0,0.3187305190257412,-0.9045896,0.00018024106132448942,0.00018024106132448942,0.7997905114354202,0,114,1
2026_NY_House-17_DEM,NY,House,17,DEM,Effie Phillips-Staley,2026-06-23,6,6,8.333333333333334,-16.166666666666664,,-1.9146316,1.442827979217363e-05,1.442827979217363e-05,0.7997905114354202,0,114,1
2026_NY_House-17_DEM,NY,House,17,DEM,John Cappello,2026-06-23,5,6,1.0,-23.5,0.011506068090677404,-2.1811965,7.409611731752457e-06,7.409611731752457e-06,0.7997905114354202,0,114,1
2026_NY_House-17_DEM,NY,House,17,DEM,Mike Sacks,2026-06-23,5,6,2.6,-21.9,0.03955566117687255,-2.1811965,7.409611731752457e-06,7.409611731752457e-06,0.7997905114354202,0,114,1
2026_NY_House-21_REP,NY,House,21,REP,Anthony Constantino,2026-06-23,4,4,39.75,14.5,0.8995049850991863,0.83346057,0.6630089712481583,0.6630089712481583,0.16300897124815827,0,175,1
2026_NY_House-21_REP,NY,House,21,REP,Robert Smullen,2026-06-23,4,4,25.25,-14.5,0.10049501490081376,0.5627677,0.3369910287518418,0.3369910287518418,0.16300897124815827,0,175,1
2026_NY_House-7_DEM,NY,House,7,DEM,Antonio Reynoso,2026-06-23,2,2,24.55,1.1000000000000014,0.2617512833112487,-0.67806923,0.5762682823562079,0.5762682823562079,0.32626828235620786,0,144,1
2026_NY_House-7_DEM,NY,House,7,DEM,Claire Valdez,2026-06-23,2,2,23.45,-1.1000000000000014,0.43749268358751275,-0.8386741,0.385700470408469,0.385700470408469,0.32626828235620786,0,144,1
2026_NY_House-7_DEM,NY,House,7,DEM,Julie Won,2026-06-23,1,2,12.8,-11.75,0.2514063976285524,-1.9187793,0.025914386299490152,0.025914386299490152,0.32626828235620786,0,144,1
2026_NY_House-7_DEM,NY,House,7,DEM,Vichal Kumar,2026-06-23,1,2,0.5,-24.05,0.04934963547268626,-2.2228594,0.012116860935832991,0.012116860935832991,0.32626828235620786,0,144,1
2026_NY_House-8_DEM,NY,House,8,DEM,Hakeem Jeffries,2026-06-23,1,1,72.0,51.0,1.0,0.574482,0.9978158128286039,0.9978158128286039,0.4978158128286039,0,373,1
2026_NY_House-8_DEM,NY,House,8,DEM,Chi Ossé,2026-06-23,1,1,21.0,-51.0,,-1.875248,0.0021841871713962854,0.0021841871713962854,0.4978158128286039,0,373,1
2026_OH_Governor_DEM,OH,Governor,,DEM,Amy Acton,2026-05-05,5,5,37.6,6.200000000000003,,0.3180867,0.564357332539955,0.564357332539955,0.06435733253995501,1,359,1
2026_OH_Governor_DEM,OH,Governor,,DEM,Tim Ryan,2026-05-05,5,5,31.4,-6.200000000000003,,0.2145406,0.43564266746004493,0.43564266746004493,0.06435733253995501,1,359,1
2026_OH_Governor_REP,OH,Governor,,REP,Vivek Ramaswamy,2026-05-05,9,9,62.666666666666664,50.666666666666664,,1.8184437,0.9997575086075198,0.9997575086075198,0.6664241752741864,0,177,1
2026_OH_Governor_REP,OH,Governor,,REP,Heather Hill,2026-05-05,6,9,8.333333333333334,-54.33333333333333,,-1.6950742,0.00015315850961681145,0.00015315850961681145,0.6664241752741864,0,177,1
2026_OH_Governor_REP,OH,Governor,,REP,Casey Putsch,2026-05-05,1,9,12.0,-50.666666666666664,,-1.9107157,8.933288286348165e-05,8.933288286348165e-05,0.6664241752741864,0,177,1
2026_OH_House-9_REP,OH,House,9,REP,Derek Merrin,2026-05-05,1,1,33.0,19.0,0.4219436367357764,1.2319646,0.9988291352862061,0.9988291352862061,0.7488291352862061,0,175,1
2026_OH_House-9_REP,OH,House,9,REP,Josh Williams,2026-05-05,1,1,14.0,-19.0,0.2795097015110514,-1.6117775,0.0008164646988754252,0.0008164646988754252,0.7488291352862061,0,175,1
2026_OH_House-9_REP,OH,House,9,REP,Alea Nadeem,2026-05-05,1,1,4.0,-29.0,0.21897769925830463,-2.2228594,0.0001772000074592679,0.0001772000074592679,0.7488291352862061,0,175,1
2026_OH_House-9_REP,OH,House,9,REP,Madison Sheahan,2026-05-05,1,1,10.0,-23.0,0.07956896249486756,-2.2228594,0.0001772000074592679,0.0001772000074592679,0.7488291352862061,0,175,1
2026_OK_Governor_REP,OK,Governor,,REP,Genter Drummond,2026-06-16,13,13,32.0,14.26153846153846,,-0.03855958,0.6189260339319761,0.6189260339319761,0.507814922820865,0,127,1
2026_OK_Governor_REP,OK,Governor,,REP,Mike Mazzei,2026-06-16,11,13,9.672727272727274,-22.327272727272728,,-0.32385138,0.30331027051185266,0.30331027051185266,0.507814922820865,0,127,1
2026_OK_Governor_REP,OK,Governor,,REP,Chip Keating,2026-06-16,13,13,9.63076923076923,-22.369230769230768,,-1.0766047,0.04619506197774195,0.04619506197774195,0.507814922820865,0,127,1
2026_OK_Governor_REP,OK,Governor,,REP,Charles McCall,2026-06-16,13,13,17.73846153846154,-14.26153846153846,,-1.5034748,0.015890121703581887,0.015890121703581887,0.507814922820865,0,127,1
2026_OK_Governor_REP,OK,Governor,,REP,Jake Merrick,2026-06-16,8,13,4.775,-27.225,,-1.9009259,0.005883018801774162,0.005883018801774162,0.507814922820865,0,127,1
2026_OK_Governor_REP,OK,Governor,,REP,Leisa Mitchell Haynes,2026-06-16,1,13,2.4,-29.6,,-2.2474194,0.0024740001271207155,0.0024740001271207155,0.507814922820865,0,127,1
2026_OK_Governor_REP,OK,Governor,,REP,Calup Anthony Taylor,2026-06-16,1,13,1.1,-30.9,,-2.2474194,0.0024740001271207155,0.0024740001271207155,0.507814922820865,0,127,1
2026_OK_Governor_REP,OK,Governor,,REP,Jennifer Domenico,2026-06-16,2,13,2.3,-29.7,,-2.255628,0.0024237464094159496,0.0024237464094159496,0.507814922820865,0,127,1
2026_OK_Governor_REP,OK,Governor,,REP,Kenneth Sturgell,2026-06-16,2,13,2.05,-29.95,,-2.255628,0.0024237464094159496,0.0024237464094159496,0.507814922820865,0,127,1
2026_OK_Senate_REP,OK,Senate,,REP,Kevin Hern,2026-06-16,2,2,45.0,37.0,0.9953732456184334,1.5353073,0.9996984915028213,0.9996984915028213,0.7996984915028214,0,127,1
2026_OK_Senate_REP,OK,Senate,,REP,Sean Buckner,2026-06-16,1,2,2.0,-43.0,,-2.2617748,7.537712429469381e-05,7.537712429469381e-05,0.7996984915028214,0,127,1
2026_OK_Senate_REP,OK,Senate,,REP,Gary Ty England,2026-06-16,1,2,8.0,-37.0,0.0019412299492956575,-2.2617748,7.537712429469381e-05,7.537712429469381e-05,0.7996984915028214,0,127,1
2026_OK_Senate_REP,OK,Senate,,REP,Nick Hankins,2026-06-16,1,2,1.0,-44.0,,-2.2617748,7.537712429469381e-05,7.537712429469381e-05,0.7996984915028214,0,127,1
2026_OK_Senate_REP,OK,Senate,,REP,Brian Ragain,2026-06-16,1,2,4.0,-41.0,0.002685524432270941,-2.2617748,7.537712429469381e-05,7.537712429469381e-05,0.7996984915028214,0,127,1
2026_OR_Governor_REP,OR,Governor,,REP,Christine Drazan,2026-05-19,3,3,35.03333333333334,12.93333333333334,,2.1983118,0.9890747030563153,0.9890747030563153,0.7890747030563152,0,148,1
2026_OR_Governor_REP,OR,Governor,,REP,Ed Diehl,2026-05-19,3,3,22.099999999999998,-12.93333333333334,,0.39233547,0.01082468348948851,0.01082468348948851,0.7890747030563152,0,148,1
2026_OR_Governor_REP,OR,Governor,,REP,Chris Dudley,2026-05-19,3,3,15.433333333333332,-19.60000000000001,,-1.611561,7.222911904857406e-05,7.222911904857406e-05,0.7890747030563152,0,148,1
2026_OR_Governor_REP,OR,Governor,,REP,Danielle Bethell,2026-05-19,2,3,1.7,-33.333333333333336,,-2.255628,1.4435282088762305e-05,1.4435282088762305e-05,0.7890747030563152,0,148,1
2026_OR_Governor_REP,OR,Governor,,REP,David Medina,2026-05-19,2,3,4.6,-30.433333333333337,,-2.2693336,1.394905305880762e-05,1.394905305880762e-05,0.7890747030563152,0,148,1
2026_PA_Governor_REP,PA,Governor,,REP,Doug Mastriano,2026-05-19,3,3,28.0,13.0,,0.32148555,0.9881121010557451,0.9881121010557451,0.4881121010557451,0,384,1
2026_PA_Governor_REP,PA,Governor,,REP,Stacy Garrity,2026-05-19,3,3,15.0,-13.0,,-1.4466245,0.01188789894425479,0.01188789894425479,0.4881121010557451,0,384,1
2026_PA_House-3_DEM,PA,House,3,DEM,Chris Rabb,2026-05-19,4,4,15.75,-3.0,0.40934513424311214,-0.16436389,0.49115909850173384,0.49115909850173384,0.15782576516840052,0,189,1
2026_PA_House-3_DEM,PA,House,3,DEM,Ala Stanford,2026-05-19,4,4,14.25,-4.5,0.24804734642990445,-0.20729262,0.44117705985596073,0.44117705985596073,0.15782576516840052,0,189,1
2026_PA_House-3_DEM,PA,House,3,DEM,Sharif Street,2026-05-19,4,4,18.75,3.0,0.34260751932698336,-0.95725036,0.06766384164230554,0.06766384164230554,0.15782576516840052,0,189,1
2026_PA_House-7_DEM,PA,House,7,DEM,Bob Brooks,2026-05-19,5,5,15.4,-3.200000000000001,0.4453429860460135,1.4518889,0.995291904435531,0.995291904435531,0.745291904435531,0,144,1
2026_PA_House-7_DEM,PA,House,7,DEM,Lamont McClure,2026-05-19,5,5,18.6,3.200000000000001,0.09585095105822902,-0.7490937,0.004057550594852937,0.004057550594852937,0.745291904435531,0,144,1
2026_PA_House-7_DEM,PA,House,7,DEM,Ryan Crosswell,2026-05-19,5,5,8.2,-10.400000000000002,0.34841419813287106,-1.5789429,0.0005096436774552114,0.0005096436774552114,0.745291904435531,0,144,1
2026_PA_House-7_DEM,PA,House,7,DEM,Carol Obando- Derstine,2026-05-19,5,5,10.0,-8.600000000000001,0.11039186476288641,-2.0932038,0.00014090129216084188,0.00014090129216084188,0.745291904435531,0,144,1
2026_RI_Governor_DEM,RI,Governor,,DEM,Helena Foulkes,2026-09-08,16,16,37.625,16.0375,,2.1987057,0.9951083811354859,0.9951083811354859,0.49510838113548594,0,45,0
2026_RI_Governor_DEM,RI,Governor,,DEM,Dan McKee,2026-09-08,16,16,21.5875,-16.0375,,0.07257433,0.004891618864513988,0.004891618864513988,0.49510838113548594,0,45,0
2026_RI_Governor_REP,RI,Governor,,REP,Elaine Pelino,2026-09-08,3,3,39.03333333333333,21.366666666666664,,1.3507737,0.9985346339304791,0.9985346339304791,0.49853463393047914,0,58,0
2026_RI_Governor_REP,RI,Governor,,REP,Aaron Guckian,2026-09-08,3,3,17.666666666666668,-21.366666666666664,,-1.2588998,0.0014653660695209878,0.0014653660695209878,0.49853463393047914,0,58,0
2026_RI_House-2_REP,RI,House,2,REP,Stephen Skoly,2026-09-09,1,1,28.8,6.800000000000001,0.04518438665537953,0.7523158,0.9844143482582649,0.9844143482582649,0.4844143482582649,0,58,0
2026_RI_House-2_REP,RI,House,2,REP,Victor Mellor,2026-09-09,1,1,22.0,-6.800000000000001,0.9548156133446205,-0.90596265,0.01558565174173516,0.01558565174173516,0.4844143482582649,0,58,0
2026_RI_Senate_DEM,RI,Senate,,DEM,Jack Reed,2026-09-09,4,4,58.325,40.775000000000006,0.9955729962504432,1.7727964,0.9994068748562406,0.9994068748562406,0.4994068748562406,0,45,0
2026_RI_Senate_DEM,RI,Senate,,DEM,Connor Burbridge,2026-09-09,4,4,17.55,-40.775000000000006,0.004427003749556821,-1.1990083,0.000593125143759385,0.000593125143759385,0.4994068748562406,0,45,0
2026_SC_Governor_DEM,SC,Governor,,DEM,Jermaine Johnson,2026-06-23,5,5,23.48,8.113333333333333,,1.8080771,0.9983685955743302,0.9983685955743302,0.665035262240997,0,130,1
2026_SC_Governor_DEM,SC,Governor,,DEM,Billy Webster,2026-06-23,3,5,15.366666666666667,-8.113333333333333,,-0.7697255,0.0015866359913033448,0.0015866359913033448,0.665035262240997,0,130,1
2026_SC_Governor_DEM,SC,Governor,,DEM,Mullins McLeod,2026-06-23,4,5,6.525,-16.955,,-2.1968727,4.476843436651139e-05,4.476843436651139e-05,0.665035262240997,0,130,1
2026_SC_Governor_REP,SC,Governor,,REP,Rom Reddy,2026-06-23,18,37,12.377777777777776,-6.633033033033033,,-0.5539366,0.39160722131041237,0.39160722131041237,0.24875007845326952,0,123,1
2026_SC_Governor_REP,SC,Governor,,REP,Pamela Evette,2026-06-23,37,37,16.918918918918916,-2.091891891891894,,-0.680189,0.28561030707813334,0.28561030707813334,0.24875007845326952,0,123,1
2026_SC_Governor_REP,SC,Governor,,REP,Alan Wilson,2026-06-23,37,37,19.01081081081081,2.091891891891894,,-0.7820014,0.22142798497315372,0.22142798497315372,0.24875007845326952,0,123,1
2026_SC_Governor_REP,SC,Governor,,REP,Ralph W. Norman,2026-06-23,37,37,11.97027027027027,-7.04054054054054,,-1.3128345,0.0587337547304224,0.0587337547304224,0.24875007845326952,0,123,1
2026_SC_Governor_REP,SC,Governor,,REP,Nancy Mace,2026-06-23,37,37,16.654054054054054,-2.3567567567567558,,-1.5973982,0.02883544754973621,0.02883544754973621,0.24875007845326952,0,123,1
2026_SC_Governor_REP,SC,Governor,,REP,Josh Kimbrell,2026-06-23,30,37,2.413333333333333,-16.597477477477476,,-2.123235,0.0077447359829499835,0.0077447359829499835,0.24875007845326952,0,123,1
2026_SC_Governor_REP,SC,Governor,,REP,Jacqueline Dubose,2026-06-23,5,37,1.7400000000000002,-17.270810810810808,,-2.2226424,0.006040548375191945,0.006040548375191945,0.24875007845326952,0,123,1
2026_SC_House-1_REP,SC,House,1,REP,Jenny Costa Honeycutt,2026-06-23,2,2,27.5,5.5,0.38827556267361757,1.4238666,0.9535873167865031,0.9535873167865031,0.4535873167865031,0,126,1
2026_SC_House-1_REP,SC,House,1,REP,Mark Smith,2026-06-23,2,2,22.0,-5.5,0.6117244373263825,0.21480334,0.04641268321349678,0.04641268321349678,0.4535873167865031,0,126,1
2026_SC_Senate_DEM,SC,Senate,,DEM,Annie Andrews,2026-06-23,1,1,45.0,31.0,0.9990287801136835,1.5374928,0.9996152292924781,0.9996152292924781,0.6662818959591448,0,130,1
2026_SC_Senate_DEM,SC,Senate,,DEM,Brandon Brown,2026-06-23,1,1,14.0,-31.0,0.0,-1.686065,0.0003161546322921677,0.0003161546322921677,0.6662818959591448,0,130,1
2026_SC_Senate_DEM,SC,Senate,,DEM,Kyle Freeman,2026-06-23,1,1,5.0,-40.0,0.0009712198863164249,-2.2971468,6.8616075229729e-05,6.8616075229729e-05,0.6662818959591448,0,130,1
2026_SC_Senate_REP,SC,Senate,,REP,Lindsey Graham,2026-06-23,12,12,49.225,27.825,0.7969961535409015,1.8504063,0.9765391447990451,0.9765391447990451,0.8098724781323785,0,123,1
2026_SC_Senate_REP,SC,Senate,,REP,Mark Lynch,2026-06-23,12,12,21.400000000000002,-27.825,0.20110086903188562,0.3548521,0.023222680037555156,0.023222680037555156,0.8098724781323785,0,123,1
2026_SC_Senate_REP,SC,Senate,,REP,Thomas Dismukes,2026-06-23,3,12,2.6333333333333333,-46.59166666666667,0.0008746888203809555,-1.9009259,8.255293350287766e-05,8.255293350287766e-05,0.8098724781323785,0,123,1
2026_SC_Senate_REP,SC,Senate,,REP,Pat Herrmann,2026-06-23,3,12,2.033333333333333,-47.19166666666667,0.0005801102754846699,-1.9009259,8.255293350287766e-05,8.255293350287766e-05,0.8098724781323785,0,123,1
2026_SC_Senate_REP,SC,Senate,,REP,Darius Mitchell,2026-06-23,3,12,3.0666666666666664,-46.15833333333333,,-2.167491,4.2394854327168506e-05,4.2394854327168506e-05,0.8098724781323785,0,123,1
2026_SC_Senate_REP,SC,Senate,,REP,Calvin Cowen,2026-06-23,3,12,2.033333333333333,-47.19166666666667,0.00044817833134729566,-2.2969298,3.067444206681256e-05,3.067444206681256e-05,0.8098724781323785,0,123,1
2026_SD_Governor_REP,SD,Governor,,REP,Larry R. Rhoden,2026-07-28,7,7,25.37142857142857,-3.1142857142857174,,-0.47288778,0.36545235373582374,0.36545235373582374,0.11545235373582374,0,141,1
2026_SD_Governor_REP,SD,Governor,,REP,Dusty Johnson,2026-07-28,7,7,28.485714285714288,3.1142857142857174,,-0.55722415,0.29598091798588716,0.29598091798588716,0.11545235373582374,0,141,1
2026_SD_Governor_REP,SD,Governor,,REP,Toby Doeden,2026-07-28,7,7,16.84285714285714,-11.642857142857146,,-0.57528955,0.2829107575469065,0.2829107575469065,0.11545235373582374,0,141,1
2026_SD_Governor_REP,SD,Governor,,REP,Jon Hansen,2026-07-28,7,7,12.885714285714286,-15.600000000000001,,-1.2256664,0.05565597073138259,0.05565597073138259,0.11545235373582374,0,141,1
2026_SD_House-1_REP,SD,House,1,REP,Marty Jackley,2026-07-28,2,2,59.65,50.099999999999994,1.0,1.1162935,0.9999460188350483,0.9999460188350483,0.4999460188350483,0,180,1
2026_SD_House-1_REP,SD,House,1,REP,James Bialota,2026-07-28,2,2,9.55,-50.099999999999994,,-2.814435,5.398116495162035e-05,5.398116495162035e-05,0.4999460188350483,0,180,1
2026_SD_Senate_REP,SD,Senate,,REP,Mike Rounds,2026-07-28,2,2,46.0,28.0,0.9976090447620829,1.066566,0.9986557523202761,0.9986557523202761,0.49865575232027615,0,180,1
2026_SD_Senate_REP,SD,Senate,,REP,Justin McNeal,2026-07-28,1,2,18.0,-28.0,0.0023909552379171007,-1.5776643,0.001344247679723851,0.001344247679723851,0.49865575232027615,0,180,1
2026_TN_Governor_DEM,TN,Governor,,DEM,Jerri Green,2026-08-06,1,1,14.0,3.0,,-1.808062,0.5940194271156364,0.5940194271156364,0.39401942711563637,0,164,1
2026_TN_Governor_DEM,TN,Governor,,DEM,Carnita Atwater,2026-08-06,1,1,8.0,-6.0,,-2.4680963,0.11407159495248313,0.11407159495248313,0.39401942711563637,0,164,1
2026_TN_Governor_DEM,TN,Governor,,DEM,Kevin Lee McCants,2026-08-06,1,1,11.0,-3.0,,-2.4680963,0.11407159495248313,0.11407159495248313,0.39401942711563637,0,164,1
2026_TN_Governor_DEM,TN,Governor,,DEM,Tim Cyr,2026-08-06,1,1,3.0,-11.0,,-2.5677378,0.08891869148969873,0.08891869148969873,0.39401942711563637,0,164,1
2026_TN_Governor_DEM,TN,Governor,,DEM,Adam Kurtz,2026-08-06,1,1,2.0,-12.0,,-2.5677378,0.08891869148969873,0.08891869148969873,0.39401942711563637,0,164,1
2026_TN_Governor_REP,TN,Governor,,REP,Marsha Blackburn,2026-08-06,14,14,53.300000000000004,37.09285714285714,,2.9066687,0.9919704451584197,0.9919704451584197,0.6586371118250864,0,68,0
2026_TN_Governor_REP,TN,Governor,,REP,John Rose,2026-08-06,14,14,16.20714285714286,-37.09285714285714,,0.9717742,0.007865272690160238,0.007865272690160238,0.6586371118250864,0,68,0
2026_TN_Governor_REP,TN,Governor,,REP,Monty Fritts,2026-08-06,10,14,12.120000000000001,-41.18000000000001,,-0.5756766,0.00016428215141988956,0.00016428215141988956,0.6586371118250864,0,68,0
2026_TN_House-5_REP,TN,House,5,REP,Andy Ogles,2026-08-06,1,1,37.0,4.0,0.46560448171729396,1.19044,0.8328822721373323,0.8328822721373323,0.33288227213733235,0,72,0
2026_TN_House-5_REP,TN,House,5,REP,Charlie Hatcher,2026-08-06,1,1,33.0,-4.0,0.534395518282706,0.54796255,0.16711772786266768,0.16711772786266768,0.33288227213733235,0,72,0
2026_TN_House-9_DEM,TN,House,9,DEM,Steve Cohen,2026-08-06,1,1,45.0,1.0,0.26078391633621845,-0.0070554977,0.547620429197798,0.547620429197798,0.21428709586446465,0,247,1
2026_TN_House-9_DEM,TN,House,9,DEM,Justin Pearson,2026-08-06,1,1,44.0,-1.0,0.7392160836637817,-0.08375028,0.4520738038849276,0.4520738038849276,0.21428709586446465,0,247,1
2026_TN_House-9_DEM,TN,House,9,DEM,Marion Alexandra-Williams,2026-08-06,1,1,2.0,-43.0,,-3.0032613,0.0003057669172744145,0.0003057669172744145,0.21428709586446465,0,247,1
2026_TX_Governor_DEM,TX,Governor,,DEM,Gina Hinojosa,2026-05-26,9,9,54.98888888888889,45.93333333333333,,1.6485487,0.9996440016748527,0.9996440016748527,0.8996440016748527,0,220,1
2026_TX_Governor_DEM,TX,Governor,,DEM,Chris Bell,2026-05-26,9,9,9.055555555555555,-45.93333333333333,,-1.9560459,0.00012195693926162217,0.00012195693926162217,0.8996440016748527,0,220,1
2026_TX_Governor_DEM,TX,Governor,,DEM,Bobby Cole,2026-05-26,7,9,5.3999999999999995,-49.58888888888889,,-2.2821794,5.396492516452787e-05,5.396492516452787e-05,0.8996440016748527,0,220,1
2026_TX_Governor_DEM,TX,Governor,,DEM,Faizan Syed,2026-05-26,1,9,1.0,-53.98888888888889,,-2.5145502,3.018687321023722e-05,3.018687321023722e-05,0.8996440016748527,0,220,1
2026_TX_Governor_DEM,TX,Governor,,DEM,Angela Villescaz,2026-05-26,6,9,2.533333333333333,-52.455555555555556,,-2.5487447,2.7713537004609966e-05,2.7713537004609966e-05,0.8996440016748527,0,220,1
2026_TX_Governor_DEM,TX,Governor,,DEM,Patricia Abrego,2026-05-26,4,9,2.225,-52.763888888888886,,-2.5901906,2.4985760135493465e-05,2.4985760135493465e-05,0.8996440016748527,0,220,1
2026_TX_Governor_DEM,TX,Governor,,DEM,Jose Navarro Balbuena,2026-05-26,4,9,0.525,-54.46388888888889,,-2.5901906,2.4985760135493465e-05,2.4985760135493465e-05,0.8996440016748527,0,220,1
2026_TX_Governor_DEM,TX,Governor,,DEM,Carlton Hart,2026-05-26,4,9,1.4,-53.58888888888889,,-2.5901906,2.4985760135493465e-05,2.4985760135493465e-05,0.8996440016748527,0,220,1
2026_TX_Governor_DEM,TX,Governor,,DEM,Zach Vance,2026-05-26,4,9,0.625,-54.36388888888889,,-2.5901906,2.4985760135493465e-05,2.4985760135493465e-05,0.8996440016748527,0,220,1
2026_TX_Governor_DEM,TX,Governor,,DEM,Andrew White,2026-05-26,2,9,3.45,-51.538888888888884,,-2.6368818,2.2233009964415017e-05,2.2233009964415017e-05,0.8996440016748527,0,220,1
2026_TX_Governor_REP,TX,Governor,,REP,Greg Abbott,2026-05-26,2,2,81.5,73.5,,1.2463382,0.9991625150065232,0.9991625150065232,0.9082534240974323,0,220,1
2026_TX_Governor_REP,TX,Governor,,REP,Bob Achgill,2026-05-26,2,2,0.0,-81.5,,-2.5084035,8.374849934769501e-05,8.374849934769501e-05,0.9082534240974323,0,220,1
2026_TX_Governor_REP,TX,Governor,,REP,Evelyn Brooks,2026-05-26,2,2,1.5,-80.0,,-2.5084035,8.374849934769501e-05,8.374849934769501e-05,0.9082534240974323,0,220,1
2026_TX_Governor_REP,TX,Governor,,REP,Pete Chambers,2026-05-26,2,2,8.0,-73.5,,-2.5084035,8.374849934769501e-05,8.374849934769501e-05,0.9082534240974323,0,220,1
2026_TX_Governor_REP,TX,Governor,,REP,Charles Crouch,2026-05-26,2,2,0.0,-81.5,,-2.5084035,8.374849934769501e-05,8.374849934769501e-05,0.9082534240974323,0,220,1
2026_TX_Governor_REP,TX,Governor,,REP,Arturo Espinosa,2026-05-26,2,2,0.5,-81.0,,-2.5084035,8.374849934769501e-05,8.374849934769501e-05,0.9082534240974323,0,220,1
2026_TX_Governor_REP,TX,Governor,,REP,Mark Goloby,2026-05-26,2,2,0.5,-81.0,,-2.5084035,8.374849934769501e-05,8.374849934769501e-05,0.9082534240974323,0,220,1
2026_TX_Governor_REP,TX,Governor,,REP,Kenneth Hyde,2026-05-26,2,2,0.0,-81.5,,-2.5084035,8.374849934769501e-05,8.374849934769501e-05,0.9082534240974323,0,220,1
2026_TX_Governor_REP,TX,Governor,,REP,Stephen Samuelson,2026-05-26,2,2,0.0,-81.5,,-2.5084035,8.374849934769501e-05,8.374849934769501e-05,0.9082534240974323,0,220,1
2026_TX_Governor_REP,TX,Governor,,REP,Ronnie Tullos,2026-05-26,2,2,0.0,-81.5,,-2.5084035,8.374849934769501e-05,8.374849934769501e-05,0.9082534240974323,0,220,1
2026_TX_Governor_REP,TX,Governor,,REP,Nathaniel Welch,2026-05-26,2,2,0.0,-81.5,,-2.5084035,8.374849934769501e-05,8.374849934769501e-05,0.9082534240974323,0,220,1
2026_TX_House-15_DEM,TX,House,15,DEM,Bobby Pulido,2026-05-26,1,1,68.0,49.0,0.7007284706379492,0.7840132,0.9951185520288466,0.9951185520288466,0.6617852186955133,0,254,1
2026_TX_House-15_DEM,TX,House,15,DEM,Henry Cuellar,2026-05-26,1,1,19.0,-49.0,,-1.5908098,0.0026268996048117565,0.0026268996048117565,0.6617852186955133,0,254,1
2026_TX_House-15_DEM,TX,House,15,DEM,Ada Cuellar,2026-05-26,1,1,19.0,-49.0,0.2992715293620508,-1.6519517,0.002254548366341613,0.002254548366341613,0.6617852186955133,0,254,1
2026_TX_House-18_DEM,TX,House,18,DEM,Christian Menefee,2026-05-26,3,3,49.333333333333336,16.333333333333336,0.6738423718777501,1.137465,0.977003201004418,0.977003201004418,0.727003201004418,0,242,1
2026_TX_House-18_DEM,TX,House,18,DEM,Al Green,2026-05-26,3,3,33.0,-16.333333333333336,0.32511099523269277,-0.36413142,0.022885393666216607,0.022885393666216607,0.727003201004418,0,242,1
2026_TX_House-18_DEM,TX,House,18,DEM,Gretchen Brown,2026-05-26,1,3,1.0,-48.333333333333336,0.0010466328895571597,-2.7325883,6.138171436038493e-05,6.138171436038493e-05,0.727003201004418,0,242,1
2026_TX_House-18_DEM,TX,House,18,DEM,Amanda Edwards,2026-05-26,2,3,11.0,-38.333333333333336,,-2.814435,5.002361500496333e-05,5.002361500496333e-05,0.727003201004418,0,242,1
2026_TX_House-19_REP,TX,House,19,REP,Tom Sell,2026-05-26,1,1,29.0,20.0,0.6037682580147489,0.23869699,0.9950162900406335,0.9950162900406335,0.8700162900406335,0,240,1
2026_TX_House-19_REP,TX,House,19,REP,Christopher Adams,2026-05-26,1,1,0.0,-29.0,,-2.6583009,0.0007119585656237804,0.0007119585656237804,0.8700162900406335,0,240,1
2026_TX_House-19_REP,TX,House,19,REP,James Barbee,2026-05-26,1,1,0.0,-29.0,0.001972154724835464,-2.6583009,0.0007119585656237804,0.0007119585656237804,0.8700162900406335,0,240,1
2026_TX_House-19_REP,TX,House,19,REP,Jason Corley,2026-05-26,1,1,2.0,-27.0,0.0030004925456425277,-2.6583009,0.0007119585656237804,0.0007119585656237804,0.8700162900406335,0,240,1
2026_TX_House-19_REP,TX,House,19,REP,Abraham Enriquez,2026-05-26,1,1,8.0,-21.0,0.19833352644015012,-2.6583009,0.0007119585656237804,0.0007119585656237804,0.8700162900406335,0,240,1
2026_TX_House-19_REP,TX,House,19,REP,Donald May,2026-05-26,1,1,1.0,-28.0,0.07172429502335911,-2.6583009,0.0007119585656237804,0.0007119585656237804,0.8700162900406335,0,240,1
2026_TX_House-19_REP,TX,House,19,REP,Matt Smith,2026-05-26,1,1,9.0,-20.0,0.10603667404839485,-2.6583009,0.0007119585656237804,0.0007119585656237804,0.8700162900406335,0,240,1
2026_TX_House-19_REP,TX,House,19,REP,Ryan Zink,2026-05-26,1,1,1.0,-28.0,0.015164599202869146,-2.6583009,0.0007119585656237804,0.0007119585656237804,0.8700162900406335,0,240,1
2026_TX_House-21_REP,TX,House,21,REP,Mark Teixeira,2026-05-26,1,1,38.0,31.0,0.8618485909039012,0.5444566,0.9991706179630523,0.9991706179630523,0.7491706179630523,0,243,1
2026_TX_House-21_REP,TX,House,21,REP,Jason Cahill,2026-05-26,1,1,7.0,-31.0,0.06251276839514602,-2.7325883,0.0002764606789826693,0.0002764606789826693,0.7491706179630523,0,243,1
2026_TX_House-21_REP,TX,House,21,REP,Trey Trainor,2026-05-26,1,1,3.0,-35.0,,-2.7325883,0.0002764606789826693,0.0002764606789826693,0.7491706179630523,0,243,1
2026_TX_House-21_REP,TX,House,21,REP,Michael Wheeler,2026-05-26,1,1,5.0,-33.0,0.0756386407009527,-2.7325883,0.0002764606789826693,0.0002764606789826693,0.7491706179630523,0,243,1
2026_TX_House-23_REP,TX,House,23,REP,Brandon Herrera,2026-05-26,3,3,41.06666666666667,9.26666666666667,1.0,1.0909767,0.9813000809374934,0.9813000809374934,0.7313000809374934,0,230,1
2026_TX_House-23_REP,TX,House,23,REP,Tony Gonzales,2026-05-26,3,3,31.8,-9.26666666666667,,-0.4983096,0.018461038555815275,0.018461038555815275,0.7313000809374934,0,230,1
2026_TX_House-23_REP,TX,House,23,REP,Keith Barton,2026-05-26,1,3,4.0,-37.06666666666667,,-2.5145502,0.00011944025334567833,0.00011944025334567833,0.7313000809374934,0,230,1
2026_TX_House-23_REP,TX,House,23,REP,Francisco Canseco,2026-05-26,1,3,4.0,-37.06666666666667,0.0,-2.5145502,0.00011944025334567833,0.00011944025334567833,0.7313000809374934,0,230,1
2026_TX_House-29_DEM,TX,House,29,DEM,Sylvia Garcia,2026-05-26,1,1,46.0,19.0,0.8878026725943384,0.84515506,0.9802160093359332,0.9802160093359332,0.6468826760025999,0,240,1
2026_TX_House-29_DEM,TX,House,29,DEM,Jarvis Johnson,2026-05-26,1,1,27.0,-19.0,0.11219732740566142,-0.718599,0.019656100747712665,0.019656100747712665,0.6468826760025999,0,240,1
2026_TX_House-29_DEM,TX,House,29,DEM,Robert Slater,2026-05-26,1,1,2.0,-44.0,0.0,-2.7325883,0.0001278899163540954,0.0001278899163540954,0.6468826760025999,0,240,1
2026_TX_House-2_REP,TX,House,2,REP,Dan Crenshaw,2026-05-26,1,1,47.0,28.0,0.7754636050345971,0.50594324,0.9961575464090672,0.9961575464090672,0.8294908797424005,0,350,1
2026_TX_House-2_REP,TX,House,2,REP,Steve Toth,2026-05-26,1,1,19.0,-28.0,0.22139135680033378,-1.7871952,0.0032254075460827467,0.0032254075460827467,0.8294908797424005,0,350,1
2026_TX_House-2_REP,TX,House,2,REP,Martin Etwop,2026-05-26,1,1,1.0,-46.0,0.0031450381650691213,-3.0032613,0.0001542615112125042,0.0001542615112125042,0.8294908797424005,0,350,1
2026_TX_House-2_REP,TX,House,2,REP,Thomas Manning,2026-05-26,1,1,2.0,-45.0,,-3.0032613,0.0001542615112125042,0.0001542615112125042,0.8294908797424005,0,350,1
2026_TX_House-2_REP,TX,House,2,REP,Nicholas Plumb,2026-05-26,1,1,1.0,-46.0,0.0,-3.0032613,0.0001542615112125042,0.0001542615112125042,0.8294908797424005,0,350,1
2026_TX_House-2_REP,TX,House,2,REP,Ava Zolari,2026-05-26,1,1,2.0,-45.0,,-3.0032613,0.0001542615112125042,0.0001542615112125042,0.8294908797424005,0,350,1
2026_TX_House-33_DEM,TX,House,33,DEM,Colin Allred,2026-05-26,1,1,58.0,28.0,1.0,0.7426812,0.9626618086852857,0.9626618086852857,0.4626618086852857,0,295,1
2026_TX_House-33_DEM,TX,House,33,DEM,Julie Johnson,2026-05-26,1,1,30.0,-28.0,,-0.557193,0.03733819131471433,0.03733819131471433,0.4626618086852857,0,295,1
2026_TX_House-34_REP,TX,House,34,REP,Mayra Flores,2026-05-26,1,1,38.0,33.0,0.3338172161808835,0.13091515,0.9984206271714583,0.9984206271714583,0.7984206271714582,0,413,1
2026_TX_House-34_REP,TX,House,34,REP,Keith Allen,2026-05-26,1,1,2.0,-36.0,0.03350979849496015,-3.0032613,0.0003948432071354022,0.0003948432071354022,0.7984206271714582,0,413,1
2026_TX_House-34_REP,TX,House,34,REP,Josh Cortez,2026-05-26,1,1,1.0,-37.0,,-3.0032613,0.0003948432071354022,0.0003948432071354022,0.7984206271714582,0,413,1
2026_TX_House-34_REP,TX,House,34,REP,Eric Flores,2026-05-26,1,1,5.0,-33.0,0.6326729853241565,-3.0032613,0.0003948432071354022,0.0003948432071354022,0.7984206271714582,0,413,1
2026_TX_House-34_REP,TX,House,34,REP,Bam Morales,2026-05-26,1,1,4.0,-34.0,,-3.0032613,0.0003948432071354022,0.0003948432071354022,0.7984206271714582,0,413,1
2026_TX_House-38_REP,TX,House,38,REP,Jon Bonck,2026-05-26,1,1,22.0,12.0,0.44183714967692517,-1.0149369,0.9116488367147241,0.9116488367147241,0.711648836714724,0,240,1
2026_TX_House-38_REP,TX,House,38,REP,Shelly deZevallos,2026-05-26,1,1,10.0,-12.0,0.30732548963295936,-2.5030289,0.02208779082131908,0.02208779082131908,0.711648836714724,0,240,1
2026_TX_House-38_REP,TX,House,38,REP,Carmen Maria Montiel,2026-05-26,1,1,3.0,-19.0,0.020270223174461158,-2.5030289,0.02208779082131908,0.02208779082131908,0.711648836714724,0,240,1
2026_TX_House-38_REP,TX,House,38,REP,Michael Pratt,2026-05-26,1,1,8.0,-14.0,0.0898697761371194,-2.5030289,0.02208779082131908,0.02208779082131908,0.711648836714724,0,240,1
2026_TX_House-38_REP,TX,House,38,REP,Larry Rubin,2026-05-26,1,1,3.0,-19.0,0.14069736137853497,-2.5030289,0.02208779082131908,0.02208779082131908,0.711648836714724,0,240,1
2026_TX_House-9_DEM,TX,House,9,DEM,Leticia Gutierrez,2026-05-26,1,1,24.0,19.0,0.08566876361403118,-0.5393137,0.9755895371056404,0.9755895371056404,0.8089228704389738,0,240,1
2026_TX_House-9_DEM,TX,House,9,DEM,Earnest Clayton,2026-05-26,1,1,5.0,-19.0,,-2.6583009,0.004882092578871877,0.004882092578871877,0.8089228704389738,0,240,1
2026_TX_House-9_DEM,TX,House,9,DEM,Peter Filler,2026-05-26,1,1,1.0,-23.0,0.006829093231531788,-2.6583009,0.004882092578871877,0.004882092578871877,0.8089228704389738,0,240,1
2026_TX_House-9_DEM,TX,House,9,DEM,Todd Ivey,2026-05-26,1,1,2.0,-22.0,,-2.6583009,0.004882092578871877,0.004882092578871877,0.8089228704389738,0,240,1
2026_TX_House-9_DEM,TX,House,9,DEM,Marty Rocha,2026-05-26,1,1,2.0,-22.0,,-2.6583009,0.004882092578871877,0.004882092578871877,0.8089228704389738,0,240,1
2026_TX_House-9_DEM,TX,House,9,DEM,Terry Virts,2026-05-26,1,1,5.0,-19.0,0.907502143154437,-2.6583009,0.004882092578871877,0.004882092578871877,0.8089228704389738,0,240,1
2026_TX_House-9_REP,TX,House,9,REP,Alex Mealer,2026-05-26,3,3,26.333333333333332,-3.0,0.6162957436365646,-0.0457914,0.5740585070300087,0.5740585070300087,0.3740585070300087,0,239,1
2026_TX_House-9_REP,TX,House,9,REP,Briscoe Cain,2026-05-26,3,3,29.333333333333332,3.0,0.18402327003699165,-0.1690419,0.42183112744576673,0.42183112744576673,0.3740585070300087,0,239,1
2026_TX_House-9_REP,TX,House,9,REP,Dan Mims,2026-05-26,3,3,6.333333333333333,-23.0,0.1260088547712807,-2.2974522,0.0020617997947547932,0.0020617997947547932,0.3740585070300087,0,239,1
2026_TX_House-9_REP,TX,House,9,REP,Dwayne Stovall,2026-05-26,3,3,3.3333333333333335,-26.0,0.006991979638208129,-2.5640168,0.0010588334350094925,0.0010588334350094925,0.3740585070300087,0,239,1
2026_TX_House-9_REP,TX,House,9,REP,Steve Stockman,2026-05-26,2,3,5.0,-24.333333333333332,0.06668015191695496,-2.5910122,0.0009897322944602402,0.0009897322944602402,0.3740585070300087,0,239,1
2026_TX_Senate_DEM,TX,Senate,,DEM,Jasmine Crockett,2026-05-26,20,24,43.005,3.8231818181818227,0.13931654044392455,0.97901845,0.6657717401613984,0.6657717401613984,0.3324384068280651,0,220,1
2026_TX_Senate_DEM,TX,Senate,,DEM,James Talarico,2026-05-26,22,24,39.18181818181818,-3.8231818181818227,0.8606834595560755,0.70325184,0.33413007108588433,0.33413007108588433,0.3324384068280651,0,220,1
2026_TX_Senate_DEM,TX,Senate,,DEM,Ahmad Hassan,2026-05-26,8,24,1.0,-42.005,,-2.5497057,9.81887527172639e-05,9.81887527172639e-05,0.3324384068280651,0,220,1
2026_TX_Senate_REP,TX,Senate,,REP,Ken Paxton,2026-05-26,54,55,39.525925925925925,5.844107744107738,,0.5088198,0.6796985592523477,0.6796985592523477,0.5546985592523477,0,220,1
2026_TX_Senate_REP,TX,Senate,,REP,John Cornyn,2026-05-26,55,55,33.68181818181819,-5.844107744107738,0.8628635776959549,0.16754997,0.2895925044757252,0.2895925044757252,0.5546985592523477,0,220,1
2026_TX_Senate_REP,TX,Senate,,REP,Wesley Hunt,2026-05-26,45,55,24.082222222222224,-15.4437037037037,0.135871296021586,-0.75416493,0.02890999904605145,0.02890999904605145,0.5546985592523477,0,220,1
2026_TX_Senate_REP,TX,Senate,,REP,Gulrez Khan,2026-05-26,6,55,0.3666666666666667,-39.15925925925926,0.0006387759710884331,-2.4699943,0.00039637842395740495,0.00039637842395740495,0.5546985592523477,0,220,1
2026_TX_Senate_REP,TX,Senate,,REP,Anna Bender,2026-05-26,5,55,0.72,-38.805925925925926,0.0,-2.5082598,0.00036021666739114073,0.00036021666739114073,0.5546985592523477,0,220,1
2026_TX_Senate_REP,TX,Senate,,REP,Sara Canady,2026-05-26,6,55,0.5333333333333333,-38.992592592592594,3.935729322368965e-05,-2.5082598,0.00036021666739114073,0.00036021666739114073,0.5546985592523477,0,220,1
2026_TX_Senate_REP,TX,Senate,,REP,Virgil Bierschwale,2026-05-26,6,55,0.3833333333333333,-39.14259259259259,0.0005869930181469787,-2.51144,0.0003573640609415341,0.0003573640609415341,0.5546985592523477,0,220,1
2026_TX_Senate_REP,TX,Senate,,REP,John Adefope,2026-05-26,5,55,0.38,-39.14592592592592,,-2.5497057,0.0003247614061945516,0.0003247614061945516,0.5546985592523477,0,220,1
2026_UT_House-1_DEM,UT,House,1,DEM,Ben McAdams,2026-06-23,2,2,36.5,11.5,0.6349481326106035,1.2772317,0.9721956467192852,0.9721956467192852,0.7221956467192852,0,132,1
2026_UT_House-1_DEM,UT,House,1,DEM,Nate Blouin,2026-06-23,2,2,25.0,-11.5,0.19779439914099783,-0.15107891,0.027351751296052232,0.027351751296052232,0.7221956467192852,0,132,1
2026_UT_House-1_DEM,UT,House,1,DEM,Liban Mohamed,2026-06-23,2,2,7.5,-29.0,0.09892839469336397,-2.0260084,0.00025194534871302325,0.00025194534871302325,0.7221956467192852,0,132,1
2026_UT_House-1_DEM,UT,House,1,DEM,Michael Farrell,2026-06-23,2,2,3.5,-33.0,0.06832907355503479,-2.1170552,0.0002006566359497418,0.0002006566359497418,0.7221956467192852,0,132,1
2026_UT_House-2_REP,UT,House,2,REP,Blake Moore,2026-06-23,2,2,62.0,40.5,0.9212753295002318,1.1987499,0.9795404522896027,0.9795404522896027,0.47954045228960274,0,147,1
2026_UT_House-2_REP,UT,House,2,REP,Karianne Lisonbee,2026-06-23,2,2,21.5,-40.5,0.07872467049976818,-0.34870365,0.020459547710397236,0.020459547710397236,0.47954045228960274,0,147,1
2026_VA_House-6_DEM,VA,House,6,DEM,Tom Perriello,2026-08-04,1,1,34.4,18.9,,0.120940566,0.98950346100335,0.98950346100335,0.6561701276700167,0,228,1
2026_VA_House-6_DEM,VA,House,6,DEM,Sam Rasoul,2026-08-04,1,1,15.5,-18.9,,-1.7624729,0.008923334304462412,0.008923334304462412,0.6561701276700167,0,228,1
2026_VA_House-6_DEM,VA,House,6,DEM,Beth Macy,2026-08-04,1,1,12.6,-21.799999999999997,1.0,-2.4566948,0.0015732046921876292,0.0015732046921876292,0.6561701276700167,0,228,1
2026_VA_House-7_DEM,VA,House,7,DEM,Elizabeth Guzman,2026-08-04,1,1,14.0,9.0,0.04395481021335634,-1.7045668,0.6268683729276433,0.6268683729276433,0.4602017062609767,0,224,1
2026_VA_House-7_DEM,VA,House,7,DEM,Dan Helmer,2026-08-04,1,1,4.0,-10.0,0.5168359077162572,-2.5443606,0.07680364375772142,0.07680364375772142,0.4602017062609767,0,224,1
2026_VA_House-7_DEM,VA,House,7,DEM,Alfonso Lopez,2026-08-04,1,1,4.0,-10.0,,-2.5443606,0.07680364375772142,0.07680364375772142,0.4602017062609767,0,224,1
2026_VA_House-7_DEM,VA,House,7,DEM,Adele McClure,2026-08-04,1,1,4.0,-10.0,0.0487059470169259,-2.5443606,0.07680364375772142,0.07680364375772142,0.4602017062609767,0,224,1
2026_VA_House-7_DEM,VA,House,7,DEM,Saddam Salim,2026-08-04,1,1,5.0,-9.0,,-2.5443606,0.07680364375772142,0.07680364375772142,0.4602017062609767,0,224,1
2026_VA_House-7_DEM,VA,House,7,DEM,J.P. Cooney,2026-08-04,1,1,5.0,-9.0,0.3905033350534606,-2.6055026,0.06591705204147115,0.06591705204147115,0.4602017062609767,0,224,1
2026_VA_Senate_REP,VA,Senate,,REP,Kim Farington,2026-08-04,2,2,22.5,2.5,0.2507405972919441,-0.7559578,0.6683277056317388,0.6683277056317388,0.3349943722984055,0,114,1
2026_VA_Senate_REP,VA,Senate,,REP,Bert Mizusawa,2026-08-04,2,2,20.0,-2.5,0.5874214164977866,-1.0939591,0.28708414285574413,0.28708414285574413,0.3349943722984055,0,114,1
2026_VA_Senate_REP,VA,Senate,,REP,David Williams,2026-08-04,2,2,12.5,-10.0,0.16183798621026935,-1.838882,0.044588151512517105,0.044588151512517105,0.3349943722984055,0,114,1
2026_VT_Governor_DEM,VT,Governor,,DEM,Amanda Janoo,2026-08-11,2,2,23.0,7.5,,0.5469018,0.9644415878393834,0.9644415878393834,0.4644415878393834,0,80,0
2026_VT_Governor_DEM,VT,Governor,,DEM,Aly Richards,2026-08-11,2,2,15.5,-7.5,,-0.7732472,0.03555841216061659,0.03555841216061659,0.4644415878393834,0,80,0
2026_VT_House-1_REP,VT,House,1,REP,Gerald Malloy,2026-08-11,2,2,53.0,40.5,0.5911887931085139,1.8086312,0.9998821973533367,0.9998821973533367,0.4998821973533367,0,80,0
2026_VT_House-1_REP,VT,House,1,REP,Mark Coester,2026-08-11,2,2,12.5,-40.5,0.4088112068914861,-1.8099216,0.00011780264666327449,0.00011780264666327449,0.4998821973533367,0,80,0
2026_WI_Governor_DEM,WI,Governor,,DEM,Francesca Hong,2026-08-11,18,20,25.944444444444443,15.888194444444443,,3.0631166,0.9999360984888104,0.9999360984888104,0.7499360984888104,0,63,0
2026_WI_Governor_DEM,WI,Governor,,DEM,David Crowley,2026-08-11,16,20,10.05625,-15.888194444444443,,-0.8257065,5.994269805452106e-05,5.994269805452106e-05,0.7499360984888104,0,63,0
2026_WI_Governor_DEM,WI,Governor,,DEM,Kelda Roys,2026-08-11,14,20,3.2642857142857147,-22.680158730158727,,-2.1605394,2.130393717754251e-06,2.130393717754251e-06,0.7499360984888104,0,63,0
2026_WI_Governor_DEM,WI,Governor,,DEM,Joel Brennan,2026-08-11,13,20,2.8461538461538463,-23.098290598290596,,-2.2216814,1.8284194172481846e-06,1.8284194172481846e-06,0.7499360984888104,0,63,0
2026_WI_Governor_REP,WI,Governor,,REP,Tom Tiffany,2026-08-11,10,10,41.95,38.80714285714286,,1.8184437,0.9999654562318402,0.9999654562318402,0.4999654562318402,0,84,0
2026_WI_Governor_REP,WI,Governor,,REP,Andy Manske,2026-08-11,7,10,3.142857142857143,-38.80714285714286,,-2.290856,3.4543768159679804e-05,3.4543768159679804e-05,0.4999654562318402,0,84,0
2026_WI_House-3_DEM,WI,House,3,DEM,Rebecca Cooke,2026-08-11,1,1,65.0,43.0,0.9236485709631066,0.51334006,0.9973047752563629,0.9973047752563629,0.6639714419230296,0,233,1
2026_WI_House-3_DEM,WI,House,3,DEM,Emily Berge,2026-08-11,1,1,22.0,-43.0,0.0763514290368933,-1.875248,0.0025436152285983763,0.0025436152285983763,0.6639714419230296,0,233,1
2026_WI_House-3_DEM,WI,House,3,DEM,Rodney Rave,2026-08-11,1,1,1.0,-64.0,,-3.0032613,0.00015160951503894043,0.00015160951503894043,0.6639714419230296,0,233,1
2026_WI_House-7_REP,WI,House,7,REP,Michael Alfonso,2026-08-11,2,2,33.15,17.549999999999997,0.5235421884717354,0.7728429,0.9972213642671394,0.9972213642671394,0.49722136426713937,0,88,0
2026_WI_House-7_REP,WI,House,7,REP,Kevin Hermening,2026-08-11,2,2,15.6,-17.549999999999997,0.47645781152826455,-1.5803622,0.002778635732860533,0.002778635732860533,0.49722136426713937,0,88,0
2026_WY_Governor_REP,WY,Governor,,REP,Eric Barlow,2026-08-18,1,1,42.0,23.0,,1.5986346,0.9984437940748587,0.9984437940748587,0.6651104607415255,0,80,0
2026_WY_Governor_REP,WY,Governor,,REP,Megan Degenfelder,2026-08-18,1,1,19.0,-23.0,,-1.0810807,0.0012298714743173116,0.0012298714743173116,0.6651104607415255,0,80,0
2026_WY_Governor_REP,WY,Governor,,REP,Brent Bien,2026-08-18,1,1,14.0,-28.0,,-1.6117775,0.0003263344508239953,0.0003263344508239953,0.6651104607415255,0,80,0
2026_WY_House-1_DEM,WY,House,1,DEM,Frank Church,2026-08-18,1,1,1.0,0.0,,-2.1746845,1.0,1.0,0.0,1,145,1
2026_WY_House-1_REP,WY,House,1,REP,Chuck Gray,2026-08-18,2,2,21.0,2.0,0.2692920679519671,-1.1453197,0.480712466829926,0.480712466829926,0.355712466829926,0,145,1
2026_WY_House-1_REP,WY,House,1,REP,Reid Rasner,2026-08-18,2,2,19.0,-2.0,,-1.2203159,0.3985283856112373,0.3985283856112373,0.355712466829926,0,145,1
2026_WY_House-1_REP,WY,House,1,REP,Jillian Balow,2026-08-18,2,2,7.0,-14.0,0.035965696001061954,-2.3729744,0.022334500052773654,0.022334500052773654,0.355712466829926,0,145,1
2026_WY_House-1_REP,WY,House,1,REP,Bo Biteman,2026-08-18,2,2,6.0,-15.0,0.018425564893021107,-2.3729744,0.022334500052773654,0.022334500052773654,0.355712466829926,0,145,1
2026_WY_House-1_REP,WY,House,1,REP,Kevin Christensen,2026-08-18,2,2,4.0,-17.0,0.0025893690417331714,-2.4341161,0.01916869054360847,0.01916869054360847,0.355712466829926,0,145,1
2026_WY_House-1_REP,WY,House,1,REP,David Giralt,2026-08-18,2,2,1.0,-20.0,0.03603925104118408,-2.4341161,0.01916869054360847,0.01916869054360847,0.355712466829926,0,145,1
2026_WY_House-1_REP,WY,House,1,REP,Frank Chapman,2026-08-18,1,2,1.0,-20.0,0.2131974791936615,-2.4402628,0.018876383183036242,0.018876383183036242,0.355712466829926,0,145,1
2026_WY_House-1_REP,WY,House,1,REP,Steve Friess,2026-08-18,1,2,10.0,-11.0,0.4244905718773712,-2.4402628,0.018876383183036242,0.018876383183036242,0.355712466829926,0,145,1
